smiles,mw,logp,tpsa,logS
CCCCCCO,306.142,4.220,9.466,-6.939
CCCCCCCCCCCCCCCCO,262.510,0.417,31.493,-3.609
CCCCCCCCCCCCCCO,244.745,3.861,0.316,-3.992
CCCCCCCCCO,316.019,-2.080,47.614,-7.799
CCCCCCCCCCCCCCCCCCCO,54.142,4.931,102.973,0.721
CCO,287.433,3.873,140.875,-3.024
CCCCCCCCCCCCCO,153.890,-1.031,68.941,-5.392
CCO,237.281,5.246,138.328,-7.100
CCCCCCCCCCCO,104.400,-0.006,108.223,-1.599
CCCCCCCCCCCCCCCO,278.473,5.192,28.477,-5.443
CCCCCCCCCCCCCCCCCO,430.789,1.548,88.350,-7.689
CCCCCCCCCO,384.679,0.639,99.712,-4.696
CCCCCCCCCCCCCO,88.910,2.974,16.190,-6.527
CCCCCCCCCCCCCCO,216.735,3.595,70.398,-5.223
CCCCCCCCCCCCCCCCCCCCCO,316.933,0.542,25.552,-3.480
CCO,396.735,1.857,129.043,-5.910
CCCCCCCCCCCCCCCCCCO,204.722,4.627,52.991,0.188
CCCCCCCCCCCCCCCCCCCO,324.025,3.565,57.553,-0.287
CCCCCCCCCCCCCCCCCCO,414.113,1.668,84.204,-4.165
CCCO,266.496,0.283,83.160,0.469
CCCCCCCCCCCCCCCO,268.216,0.211,51.912,-3.154
CCCCCCCCCCCCCCCCCCCCCO,403.900,-0.020,89.978,-0.759
CCCCCCCO,297.840,-1.373,13.740,-3.041
CCCCCCCCCCO,64.607,5.492,10.568,-0.187
CCCCCCCCCCCCCCCCO,56.552,3.800,37.434,-7.015
CCCCCCCCCCCCCCCCCCCCCO,133.075,-0.387,25.121,-5.703
CCCCCCCO,345.495,2.834,44.174,-1.676
CCCCCCCCCCCCCCCCCO,263.197,-2.787,57.984,-4.212
CCCCCCCCO,166.289,-0.719,109.523,0.791
CCCCCCCCCCCCCCCCCCCCCO,244.245,5.780,33.806,-4.424
CCCO,373.476,-1.558,105.691,-1.896
CCCCCCCCCCCCCCCCCCCO,424.510,5.793,94.616,-1.745
CCCCCCCCCCCCCCCCO,150.438,2.837,59.235,-2.817
CCCCCCCCCCCCO,346.921,0.837,110.618,-6.869
CCCCCCCCO,443.990,-0.243,128.777,-5.207
CCCCCCCCCCCO,384.729,0.746,37.854,-7.924
CCCO,315.763,-1.042,135.122,-3.852
CCCCCCCCCCCCCCCCCCCCCO,278.993,0.402,52.040,-6.148
CCCCCCCCCCCCCCCO,316.134,1.431,140.693,-4.489
CCCCCCCCCCCCCCCCCCO,274.910,-0.072,130.743,0.097
CCO,120.634,4.718,121.671,-2.930
CCCCCCO,202.593,-1.083,101.168,-0.461
CCCCCCCCCCCCCCCCCCCO,204.732,4.942,103.067,-3.640
CCCCCCCCCCCCCCCCCCCO,155.588,3.529,12.702,-6.473
CCCCCCCCCCCCCCCCCCCO,145.836,3.832,90.031,-0.430
CCCCCCCCCCCCCO,202.483,-1.975,35.278,0.496
CCCCCCCCCCCCCCCCCO,110.906,1.961,15.641,-7.648
CCCCO,221.104,5.921,22.099,-6.875
CCCCCO,326.834,4.037,56.706,-2.863
CCCCCCCCCO,304.685,5.570,54.734,-5.340
CCCCCCCCCCCCCCCCCCCO,466.280,1.120,41.577,-0.917
CCCCCCCCCCCO,55.572,3.034,13.752,-6.964
CCCO,134.565,4.070,88.019,-6.542
CCCCCCCCCCCCCCCCO,125.323,-0.827,111.601,-7.074
CCCCCCCCCCCCCCO,412.919,1.886,122.753,-3.048
CCCCCCCCCCCCCCCCCO,191.507,-1.131,47.612,-7.755
CCCCCCCCCCCO,376.918,-0.118,58.690,-4.413
CCCCO,461.026,5.728,145.469,-6.998
CCCCCCCCO,403.311,4.001,133.681,-0.191
CCCCCCCCCCCCCCCCCO,347.825,-0.668,81.240,-5.234
CCCCCCCCCO,212.209,4.380,13.412,-1.220
CCCCO,343.405,2.791,141.110,-4.486
CCCCCCCCCCCO,68.474,-1.319,118.910,-2.789
CCCCCCCCCCCO,160.632,-2.091,91.709,-0.732
CCCCO,160.294,-2.817,36.564,-7.349
CCCCCCCCCCCCCCCCCCCO,440.400,3.563,3.227,-7.911
CCCCCCCCCCCCCO,271.967,4.764,23.127,-3.487
CCCCCCCCCCCCO,84.698,5.543,25.986,-1.014
CCCCCCO,419.698,-0.122,16.032,-3.371
CCCCCCCCCCCCCCCCCCCCCO,182.070,5.044,21.252,0.194
CCCO,400.885,4.389,93.529,-1.950
CCCCCCCCCCCCCCCCCCCO,428.323,3.716,103.439,-6.397
CCCCCCCCCCCCCCCO,291.872,-2.563,129.315,-5.774
CCCCO,356.934,1.020,64.526,-5.748
CCCCCCCCCCCCCCCCO,433.082,1.080,59.357,-4.952
CCCCCCCCCCO,268.602,4.138,139.896,0.787
CCO,78.045,0.194,20.743,-6.874
CCCCCCCCCCO,492.448,-0.508,84.611,-6.450
CCCCO,155.088,-2.933,79.305,-3.492
CCCCCCCCCCCCCCCCO,468.549,2.752,33.860,-5.183
CCCCCCCCCCCCCCCCCO,480.443,3.416,50.543,-2.498
CCCCCCCCCCO,487.559,-1.025,138.241,-1.131
CCCCCCCCCCCCCO,121.760,3.894,132.451,-5.194
CCCCCCCCCCCO,432.046,0.345,105.192,-1.372
CCCCCCCCCCCCCCCCCCCCCO,88.238,-1.891,90.916,-3.374
CCCCCCCCCCCCCCO,129.324,-0.745,32.643,-2.874
CCCO,272.762,0.542,95.546,-4.544
CCCCCCCO,294.900,5.949,78.626,-7.186
CCCCCCCCCCO,332.802,-0.592,136.929,0.635
CCCCCCO,486.153,2.552,145.020,-1.820
CCCCO,250.276,5.319,145.681,-4.559
CCCCCCCCCCCCCCCO,228.758,5.191,65.719,-2.398
CCCCCCCCCCCCCCCCCO,481.741,-1.927,90.102,-4.326
CCCCCO,347.229,-0.501,56.827,-2.966
CCCCCCCCO,287.763,2.212,4.621,0.758
CCCCCCCCCO,425.900,-1.141,42.717,-3.119
CCCCCCCCCCO,190.011,3.817,124.853,-3.982
CCCCCCCO,295.420,1.417,128.355,-1.078
CCCCCCCCCCCCCCCCCCCCO,445.518,-1.157,121.584,0.136
CCO,103.132,3.725,81.793,0.685
CCCCCCO,83.833,0.364,120.822,-4.065
CCCCCCCCCCCCCO,391.375,-0.087,18.585,-1.538
CCCCCCCCCCCCCO,187.160,0.595,117.463,-1.849
CCCCCCCCCCCCCCCCCO,100.893,5.260,57.358,-2.988
CCCCCCCCCCO,335.990,3.501,110.785,-1.445
CCCCCCCCO,494.158,1.154,125.189,-4.319
CCCCCCCCCCCO,366.301,1.044,100.326,-6.224
CCCCCCCCCCCCCCCCCCO,51.584,0.502,63.880,-4.353
CCCCCCCCCCCCCCCCCCCCCO,312.993,3.604,134.686,-1.261
CCCCCCCCCCCCCCCCCO,494.435,-0.771,145.051,-5.382
CCO,233.150,2.663,95.060,0.434
CCCCCCCCCCO,430.821,3.907,122.299,-2.551
CCCCCCCCCCCCCO,460.697,4.185,61.671,-1.835
CCCCCCCCCCCO,118.431,4.497,72.681,-3.796
CCCO,171.869,-2.112,88.595,-7.372
CCCCO,345.580,-2.822,76.075,0.515
CCCCO,230.866,3.200,90.749,-6.120
CCCCCCCCO,156.755,0.006,10.283,-1.707
CCCCCCCCCCCCCCCCCCO,346.453,1.211,83.648,-7.552
CCCCCCCCCCCO,343.880,3.421,122.251,-5.572
CCCCCCCCCCCCCCCCCCCCCO,382.930,0.533,59.957,-3.647
CCCCCCCCCCO,440.023,-0.033,33.348,0.674
CCCCCCCCCO,429.707,-2.725,134.909,-2.398
CCCCCCCCCCCCO,467.599,5.398,37.264,-5.578
CCCCO,331.649,-1.509,145.957,-4.008
CCCCCCO,322.817,-0.642,78.989,-6.752
CCCCCCO,452.242,0.966,46.464,-4.393
CCCCCO,373.171,3.466,45.824,-7.043
CCCCCCCCCCCCCCO,194.617,5.357,143.298,-7.595
CCCCCCCCCCCCCCCCCCCCCO,60.478,3.772,102.495,-3.550
CCCCCCCCCCCCCCCCCCO,416.710,5.677,91.977,-4.918
CCCCCCCCCCO,103.130,3.234,14.285,-4.403
CCCCCCCCCCCCCCCCCO,252.416,3.756,146.016,-5.878
CCCCCCCCCCCO,258.159,2.219,31.786,-1.566
CCCCCCCCCCCCO,273.350,-2.001,32.077,-7.290
CCO,408.849,4.718,47.936,-4.552
CCCCCCCCCCCCCCCCCCCCO,179.247,-1.237,24.010,-0.582
CCCCCCO,407.180,-2.726,58.091,-0.113
CCCCCCCCCCCCCCCCCCCO,75.704,0.415,19.497,-3.834
CCCCCCCCCCCO,457.738,-2.681,9.128,-0.434
CCCO,470.021,4.027,64.876,-6.289
CCCCCCCCCCCCCCCCCO,336.881,3.702,103.016,-0.389
CCCCCCCCCCCCCCCCO,225.366,2.680,145.439,-2.226
CCCCCCCCCO,160.442,2.291,118.195,-6.423
CCCCCCCCCCCCCCCO,322.409,2.042,78.326,-7.453
CCCCCCCCCCCCCO,296.117,1.843,106.747,-3.172
CCCCO,371.096,3.690,108.167,-1.230
CCCCCCCCCCO,129.910,-2.131,8.806,-6.170
CCCCCCCCCCCCCCCO,433.474,-2.525,13.683,-0.682
CCCCCCCCCCCCCCCCCO,275.508,-2.106,46.903,-6.860
CCCO,249.507,-1.846,59.278,-1.631
CCCCCCCCCCCCCCCCO,61.079,1.721,13.556,-0.796
CCCCO,185.828,4.737,8.724,-5.651
CCCCCCO,167.135,0.422,17.570,-1.900
CCCCCO,241.174,-0.791,83.577,-5.029
CCCCCCCCCCCCO,279.194,0.520,134.358,-3.670
CCCCCCO,343.659,1.038,148.205,-1.526
CCCCCCCCCCCCCCCCCCCCO,365.579,1.821,134.523,-0.515
CCCCCCCCCCCO,384.430,-1.200,58.386,-5.082
CCCCCCCCCCCCCCCO,205.421,2.174,6.536,-0.665
CCCCCCCCCCCCCCCCCCCO,191.143,-0.315,52.892,-5.072
CCCCCCCCCCCCCCCCCCO,275.476,1.735,22.313,0.230
CCCCCCCCCCCCO,403.118,2.158,67.772,-5.483
CCCCCCCCCCCCCCCCO,460.798,5.349,145.463,-0.659
CCCCO,465.030,4.212,20.187,-3.287
CCCCCCCCCCCCCCCCCCCCO,433.895,-0.733,36.805,-2.836
CCCCCCCCCCCCO,212.710,5.481,96.525,-4.377
CCCCCCCCCCCCCCCCO,319.218,0.064,76.131,-7.738
CCCCCCCCCCO,359.259,2.065,136.021,-6.339
CCCCCCCCCCCCCCCO,472.638,2.577,121.759,0.807
CCCCCCCCCCO,371.596,-1.161,10.016,-2.859
CCCCO,434.818,4.148,32.607,-0.456
CCCCCCCCCCCCCCCCCCO,437.825,-2.803,55.216,-0.371
CCCCCCCCCCCO,148.971,-1.197,74.042,0.090
CCCCCCCCCO,241.450,3.080,81.671,0.503
CCCCCCCCCCCCCCCCCO,376.618,4.326,149.724,-5.691
CCCCCCCCO,53.726,1.788,57.107,-0.115
CCCCO,231.684,4.944,119.435,-2.739
CCCO,208.322,5.891,0.960,0.645
CCO,293.348,4.397,76.874,0.945
CCCCCCCCCCCCO,486.856,1.887,85.795,-3.038
CCCCCCCCCCCCCCCCCCO,235.147,5.457,139.018,-3.339
CCCCCCCCCCCCCCCCCCCCCO,333.484,-0.230,45.287,-3.443
CCCCCCCCCCCCCCCCCCCCO,113.147,3.953,146.183,-5.725
CCO,497.539,3.625,84.886,-4.685
CCCCCCCCCCCCCCO,176.700,2.931,112.652,-7.835
CCCCO,466.324,4.617,57.512,-3.821
CCCCCCCCCCCCCO,336.127,4.670,115.295,-4.504
CCCCCO,267.676,-1.698,22.239,0.955
CCCCCCCCCCO,215.495,-1.856,117.924,0.547
CCCCCCCCCCCCCCCO,166.064,1.624,110.928,-1.778
CCCCCCCCCCCCCCCO,201.157,5.226,32.320,-0.533
CCCCCCCCCCCCCCO,372.281,-2.178,19.421,0.699
CCCCCCCCCO,378.574,-2.071,23.357,-1.028
CCCCCO,229.608,3.512,125.154,-7.198
CCCCCCCCCCCCCCCCCCCCCO,479.667,-2.542,32.742,-4.203
CCCO,475.747,5.726,15.475,-3.024
CCCCCCCCCCCCCCCO,425.709,3.670,149.269,-1.839
CCCCCCCO,265.871,4.140,128.677,-0.922
CCCCO,439.879,-1.886,67.094,-1.862
CCCCCCCCCCCCCCCCCO,457.285,-1.955,128.081,-7.048
CCCCCCCCCCCCCCO,326.136,3.321,25.069,-5.682
CCCCCCCCCCCCCCCCCCCO,179.867,1.432,134.251,-3.097
CCCCCCCCO,404.920,2.612,129.157,-7.074
CCCCCCCCCCCCCO,466.616,5.718,40.130,-3.135
CCCCCCCCCCCCCCCCO,184.939,5.138,15.114,-3.428
CCCCCCCCCCO,367.818,0.705,19.530,-6.242
CCCCCCCCCCCCCCCCCCCO,333.512,5.131,8.764,-0.490
CCCCCCCCCCCCCCCCCCO,116.985,0.724,41.969,-1.741
CCCCCCCCCCO,271.097,1.489,89.851,-5.825
CCCCCCCO,322.579,-1.369,131.987,-1.752
CCCCCCCCCCCCCCCCCCCO,117.243,1.536,79.272,-6.784
CCCCCCCCO,191.915,1.444,49.506,-6.849
CCCCCCO,364.257,-0.975,95.289,-0.539
CCCO,303.383,3.163,33.937,-6.205
CCCCCCCCCCCCCCCCCCCCO,346.957,-0.229,49.146,-1.036
CCCCCCCCCCCO,419.994,-1.018,111.458,-5.478
CCCCCCCCCCCCO,171.083,3.469,56.891,-6.905
CCCCCCCCCCCCCO,112.749,-0.743,115.497,-1.869
CCCO,206.151,-2.174,149.817,-5.300
CCCCCCCCCO,171.202,-2.552,4.675,-6.749
CCCCCCCCCCCCCCO,217.426,3.480,103.695,-7.155
CCCCCCCCCCCCO,173.135,1.637,48.274,0.538
CCCCCCCCCCCCCO,465.500,4.119,108.624,-6.867
CCCCCCCCCCO,232.323,3.111,93.096,-3.250
CCCCCCCCCCCCCCCCCCCCO,238.424,5.405,45.164,-6.025
CCCCCCCCCCCO,297.105,-2.515,76.279,-6.424
CCCCCCCCO,453.754,-0.530,2.998,-3.151
CCCCCCCCCCCCCCCCCCO,167.785,-1.865,106.331,-1.296
CCCCO,344.490,1.898,81.713,-0.406
CCCCCCCCCCCCCCCCCCO,358.065,-2.726,46.219,-1.858
CCCCCCO,83.456,2.214,101.493,-0.558
CCCCCCCCCCCCCCCCCO,428.715,4.634,50.320,-0.003
CCCCCCCO,120.022,4.156,124.970,-4.349
CCCCCCCCCCCCCCCCCCCCCO,115.315,-0.342,103.043,-2.250
CCO,291.776,-2.913,122.284,-6.807
CCCCCCCCCCCCCCCCCCCO,474.031,-2.090,4.555,-4.112
CCCCCCCCCCCCCCCO,174.228,0.331,60.920,-3.842
CCCCCO,261.844,-2.663,105.620,-7.995
CCCO,424.294,2.287,79.567,-1.131
CCCCCCCCCCCCCCCCCCCO,171.906,5.853,136.350,-2.106
CCCCCCCCCCCCCCCCCO,418.869,-0.793,121.243,-5.842
CCCCCCCCCCCCCCCCCCCO,478.386,4.848,17.460,-7.635
CCCCCCCCCCCCO,240.078,3.545,38.024,-2.368
CCCO,327.629,0.734,53.812,-1.215
CCCCCCCCCCCCO,248.459,3.293,95.240,-3.329
CCCO,203.674,-1.978,76.957,-3.113
CCCCCCCCCCCCCCCCCO,452.488,3.817,18.222,-2.755
CCCCCCCCCCCCCCCCCO,453.788,0.449,125.077,-6.428
CCCCCCCCCO,94.863,0.020,145.486,-2.090
CCCCCCCCCCCCCCCCO,384.344,0.326,97.714,-2.031
CCCCCCCCO,244.396,0.590,18.062,-3.606
CCCCCCCCCCO,427.886,-1.651,56.418,-7.019
CCO,343.581,5.472,68.820,-4.607
CCCCCCCCCCCCCCCCCCO,409.042,-0.403,23.327,0.749
CCCCCO,476.052,-2.831,59.482,-2.296
CCCCCCCCCO,291.979,0.517,0.799,-0.765
CCCCCCCCCCCCCCCO,458.261,2.960,51.371,-5.848
CCCCCCCCCCCCCCCCCCCO,470.943,5.643,26.341,-2.732
CCCCCCCCCCCCCCCCCCO,147.588,-0.879,6.068,-3.359
CCCCCCCCO,365.138,3.216,98.034,-3.169
CCCCCCCCCO,229.173,1.185,85.052,-7.565
CCCCO,301.983,2.773,71.839,0.803
CCCCCCCCCO,399.810,-2.812,128.892,-3.802
CCCCCCCCCCCCCCCO,125.014,-1.801,84.250,-0.559
CCCCCCCCCCCCCCCCCCCO,336.426,5.929,120.457,-3.016
CCCCCCCCCCCCCCO,364.345,4.275,74.309,-5.494
CCCCCCO,166.754,-0.485,26.274,-1.511
CCCCO,378.967,0.025,21.407,-5.705
CCCCCCCCCCCCCO,222.918,2.089,2.020,0.585
CCCCCCCCCCO,151.662,-2.366,86.902,-2.434
CCCCCCCCCCCCCCCCCCCO,243.148,4.847,86.642,-3.015
CCCCCCCCCCCCCCO,370.187,-2.257,140.212,-6.622
CCCO,63.617,0.648,62.588,-6.763
CCCCCCCCCCCCCCCCCCCCCO,108.129,1.847,11.125,-5.829
CCCCCCCCCCCCCCO,112.742,-1.178,107.836,-4.425
CCCCCCCO,151.295,3.384,52.158,-3.182
CCCCO,281.428,-0.310,105.807,-7.803
CCCCCCCCCCCCCCCCCCCCCO,316.668,2.537,113.212,-5.706
CCCO,73.429,4.031,23.985,-6.809
CCCCCO,100.633,0.918,87.975,-1.298
CCCCCCCCCCCCCCCCCCO,278.475,-1.906,135.903,-1.629
CCCCCCCCCCCCCCO,347.384,1.657,122.084,-2.795
CCO,372.970,4.278,147.922,-2.936
CCCCCCCCCCCCCCCCCO,295.248,-0.924,5.656,-6.490
CCCCCCCCCCCCCCCCCCCO,276.290,4.698,145.163,-1.080
CCCCCCCCCCCCCCCO,229.346,1.446,100.393,-0.496
CCCCCCCO,301.781,1.085,6.727,-6.071
CCCCCCCCCCCCCCCCCCCO,420.056,0.026,36.522,-7.306
CCCO,430.882,4.504,28.319,-6.441
CCCCCCCCCCCCCCCCCCO,135.500,1.588,78.274,-6.226
CCCCCCCCCCCCCO,346.386,2.275,113.572,0.861
CCCCCCCCCCCCO,457.645,1.126,125.108,-6.409
CCCCCCO,434.208,5.447,70.373,-2.750
CCCCO,495.756,4.519,59.445,0.938
CCCCCCCCCCCCCCCCCCO,428.930,2.815,59.157,0.151
CCCCCCCCCCCCCCCCCO,482.461,-2.558,142.148,-0.154
CCO,242.069,2.298,47.597,-6.655
CCCCCCCCCCCCCCCCCCCCO,300.086,5.972,9.880,-2.536
CCCCCCCCCCCCCO,236.809,5.989,118.632,-2.819
CCCCCO,66.622,1.766,15.138,-5.012
CCCCCCCCCCCCCO,387.629,-2.690,55.524,-7.333
CCCCO,431.214,1.016,75.012,-0.707
CCO,465.167,5.189,54.128,-6.685
CCCCCCCCCCCCCCCCCCCCO,116.697,-2.029,47.580,-3.422
CCCCCCCCCCCCCO,498.043,4.667,91.326,-7.662
CCCCO,395.397,-0.780,118.564,-1.209
CCCCCCCCCCCCCCO,297.674,2.164,92.793,-7.326
CCCCCCCO,456.980,5.572,62.070,-6.864
CCCCCCCCCCCCCCCCCCCO,376.766,-0.635,31.587,-5.506
CCCCCCCCCCCCCCCCCO,71.202,1.609,118.110,-0.703
CCCCCCCCO,419.907,-2.324,47.319,0.332
CCCCCCCCCCCCCCCCCCO,109.964,0.980,54.591,-1.273
CCO,495.177,0.757,24.572,-2.987
CCCCCCCCCCCCCCCCCCCCO,365.928,2.665,78.880,-6.341
CCCCCCCCO,154.778,2.287,146.067,-3.444
CCCCCCCCCCO,256.250,4.033,54.196,-3.895
CCCCCCCCCCCCCCCCCCCCCO,375.455,-1.022,139.882,-7.916
CCCCCCCCCCCCCCCCCO,64.519,-0.720,82.794,-7.917
CCCCO,285.937,-1.440,141.878,-6.198
CCCCCCCCCCCCCCCCO,179.944,1.414,55.707,-4.472
CCCCO,137.859,-1.366,102.659,-5.327
CCCCCCCCCCCCCCCCCCCCO,241.808,1.266,3.476,-7.814
CCCCCO,346.621,2.202,92.965,-0.387
CCCCCCCCCCCCCCCCCCCCO,204.621,-2.333,63.028,-1.685
CCCCCCCCCCCCCCCCCO,478.393,4.490,84.542,-3.047
CCCCCCCCCCCCCCCCCCO,434.805,2.400,110.757,0.147
CCCCCCCCCCCCCCCCO,321.675,-1.512,40.240,-0.625
CCCCCCCCCCCO,303.551,4.251,91.107,-5.668
CCCCCCCCCCCO,56.600,3.816,117.287,-3.882
CCCCCCCCCCCCCO,154.465,0.997,104.926,0.330
CCCCCCO,222.753,0.936,96.292,-4.793
CCO,165.112,1.870,8.104,-4.591
CCCCCCCCCCCCO,202.171,2.303,118.042,-0.167
CCCCCCCCO,372.464,-0.042,100.722,-0.611
CCCCO,107.764,3.217,143.922,-2.533
CCCCCCCCCO,62.243,2.796,103.446,-1.200
CCCCCCCCCCCCCCCCCCO,387.428,2.767,45.377,-4.598
CCCCCCCCCCCCCCCCCCO,487.870,4.296,128.689,0.463
CCCCCCCCCCCCCCCO,471.877,2.471,92.629,-2.332
CCCCCCCCCO,370.918,0.414,93.281,-1.519
CCCCCCCCCCCO,384.716,4.912,0.219,-1.660
CCCCCCCCCCCO,249.922,-1.462,21.958,0.929
CCCCCCCCCCCCCCCO,299.253,4.869,76.981,-5.142
CCCCCCCCCCCCCCCCCCCCCO,100.183,2.812,121.560,-2.036
CCCCCCCCCCCCCCCO,55.082,-0.203,12.965,-3.573
CCCCCCCCCCCCCCCCCCO,149.255,2.451,96.500,0.761
CCCCCCCCCCO,246.548,4.060,8.132,-2.628
CCCCCCCCCCCCCCCCCCO,280.098,-1.832,138.381,0.807
CCCCO,148.211,3.052,63.441,-1.558
CCO,79.775,-2.919,80.692,-5.006
CCO,325.183,2.031,70.344,-5.604
CCCCCCCCCCCCCCCCCCCCO,297.800,-0.738,35.027,-6.103
CCCO,157.366,1.998,67.895,-5.017
CCCCCCCCCCCCCCCO,103.886,2.063,75.842,-7.157
CCCCCCCO,148.266,-1.411,135.854,-7.120
CCCCCCCCCCCCO,445.123,-1.683,124.946,-6.649
CCCO,386.425,5.656,8.747,-7.197
CCCCCCCCO,407.056,2.983,17.879,-6.179
CCCCCO,89.341,4.076,111.367,0.446
CCCCCCCCCCO,287.244,4.840,108.389,-1.485
CCCCCCCCO,196.594,0.215,114.667,0.302
CCCCCCCCCCCCCCCCCCCCCO,222.102,3.110,13.407,0.386
CCCCCCCCCCCCCCCCCO,444.812,5.197,90.739,-6.975
CCCCO,397.812,0.929,41.538,-5.266
CCCCCCCCCCCCO,389.638,0.335,68.451,-4.833
CCCCCCCCCCCCCCO,481.146,1.601,55.543,-5.278
CCCCCCCCCCCO,305.067,4.844,106.709,-6.655
CCCCCCCCCCCCCCCCO,340.203,-1.630,24.167,-0.686
CCCCCCCCCCO,155.943,2.806,25.731,-0.297
CCCCCCCCCCCO,84.768,-1.614,52.989,-3.953
CCCCCO,430.157,3.161,10.378,-6.319
CCCCCCCCCCCCCCCCCCCO,65.738,-2.578,143.253,-2.155
CCCCCCCCCCCCCO,278.486,4.833,128.699,-0.964
CCCCCCCCCCCCCO,203.935,-1.916,142.284,-7.706
CCCCCCCCCCO,448.363,3.404,119.752,-7.439
CCCCCCCCCCCO,197.180,0.627,53.961,-7.555
CCCCCCCCCCCO,363.979,-2.939,14.572,-6.781
CCCCCCCCCCCCCO,277.771,-0.601,24.356,-7.321
CCCCCCCCCCCCCCCCCCCCO,279.812,5.110,80.919,0.132
CCCCCCCCCCCCCCCCCCCO,405.170,4.764,65.904,-3.394
CCCCCCCO,280.603,0.201,64.965,-7.333
CCCCCCCCO,153.023,-1.719,115.876,-7.809
CCCCCCCCCCCCCCCCCO,213.297,-2.556,54.049,-2.513
CCCCCCCCO,89.185,2.794,29.447,-4.918
CCCCCCCCCCCCCCCCCCCCO,361.132,4.520,106.022,0.365
CCCCCCCCO,192.241,1.323,5.431,-7.529
CCCCCCCCCCCCCO,274.981,0.146,73.229,-3.399
CCCCCCCCCCCCCCCCCCCCO,351.383,-0.196,47.663,-0.947
CCCCO,266.414,0.740,10.724,-7.434
CCCCCCCCCCCCO,58.572,-1.378,49.120,-5.182
CCCCCCCCCCO,441.218,5.569,62.394,-7.892
CCCCCCCO,335.167,-2.563,64.716,0.345
CCCCCCCCO,175.241,3.913,107.850,-3.553
CCCCCCCCCCCO,323.849,3.078,48.400,-4.835
CCCCCCCCCCCCCCO,210.587,3.700,104.458,-6.270
CCCCCCCCCCCCCCCCO,117.522,1.330,104.675,-7.660
CCCCCCCCCO,85.546,-2.365,77.903,-3.755
CCCCCCCCCCCCCCCCCO,364.816,5.253,119.264,-2.932
CCCCCCCCCCCCCCCCCO,228.953,0.474,108.669,-0.524
CCCCCCCCCCCCCCCCO,124.429,2.298,7.737,-1.467
CCCCCCCCCCCCCO,246.999,3.189,99.347,-5.268
CCCCO,248.838,4.845,29.285,-6.788
CCCO,479.384,2.106,145.478,-6.439
CCCCCCCCCCCCCCCCCO,265.230,2.184,132.665,-2.515
CCCCCCCCCCCCCCCCO,344.494,1.586,148.137,0.942
CCCCCO,191.666,-1.755,25.396,-6.815
CCCCCCCCCCCCCCCCCCCCCO,288.618,-0.892,105.990,-3.787
CCCCCCCCCCCCCCCCCCO,298.456,-1.472,92.341,0.597
CCCCCCCCCCCCCCCCCCCCO,429.197,-1.139,101.022,-1.860
CCCCCCCCCCCCO,103.578,0.420,98.208,-1.389
CCCCCCCCCCCCCCCCCCCCCO,449.352,1.045,79.982,-4.726
CCCCCCCCO,74.311,3.498,14.595,-4.512
CCCCCCCCCCCCCCCCO,228.724,1.275,78.295,-2.658
CCCCCCCCCCCCCCCCCCCCO,137.263,5.781,67.495,-4.492
CCCCCCCCCCCCCO,399.143,-1.438,89.683,-6.376
CCO,300.395,4.187,9.739,0.352
CCCCCCCCCO,250.547,-0.129,50.295,-1.285
CCCCCCCCCCCCCCO,74.207,1.215,139.570,-3.812
CCCCCCCCCCCCCCCCCCO,93.213,0.611,129.868,-0.049
CCCCCCCCCCCCCCCCCCCCCO,383.428,1.300,22.343,-6.686
CCCCCCO,324.957,-0.975,121.647,-6.055
CCCCCCCCCCCCCCCCO,342.319,-1.598,104.874,-4.173
CCCCCCCCCCCCCCCCO,118.267,0.371,48.247,-5.479
CCO,224.388,3.451,45.251,-1.589
CCCCCCCCCCCCCCCCCCCCO,224.134,4.643,43.443,-7.097
CCCCCCCO,250.600,1.129,80.717,-3.175
CCCCCCCCCCCCO,497.595,1.448,101.528,0.414
CCCCCCCCCCCCO,375.640,-0.122,88.844,-3.837
CCCCCCCCCCCCCCCCCO,360.956,4.414,136.151,-6.505
CCCCCCCCCCCCCCCCCCCO,140.072,2.350,36.799,-0.974
CCCCCCCCCCCCCCCCCCCCCO,391.877,-0.045,141.395,-4.901
CCCCCCCCCCCCCO,320.110,4.928,130.926,-6.118
CCCCCCCCCCCO,458.191,-0.178,149.320,-4.539
CCCCCCCO,53.772,2.862,145.255,-4.849
CCCCCCCCCCCCCCCCCCCCCO,427.912,-1.000,9.882,-2.498
CCCCCCCCCCCCCCO,141.693,4.841,14.362,-7.964
CCCCCCCCCCCCCO,91.961,0.671,22.986,-3.197
CCCCCCCO,389.060,-1.702,65.551,-3.120
CCCCCCCCCCCCCCCCCCO,487.988,5.480,31.284,-6.575
CCCCCCCCCCCCCCCCCCCO,122.234,5.714,17.976,-2.735
CCCCCCO,244.080,4.647,91.005,-1.407
CCCCCCCCCCCCO,317.600,-2.813,116.875,-5.963
CCCCCCCCCCCCCCCCCO,316.601,-2.692,97.707,-6.798
CCCCCCCCCCCCCCCCCO,304.165,-1.715,54.077,-6.759
CCCCCCCCCCCCCO,492.430,0.453,4.474,-3.844
CCCCCCCCO,373.589,-1.145,136.253,-7.954
CCCCCCCCCCCO,68.971,4.377,28.410,-0.824
CCCCCO,440.169,-0.013,66.808,0.374
CCCCCCCCCCCCCCCCCCCCO,285.228,2.868,100.059,-6.716
CCCCCCCCCCCCCO,341.623,5.391,57.556,-4.074
CCCCCCCCCCCCCCCCCCCO,465.291,-1.239,21.724,-5.840
CCCCCCCCCO,351.258,1.111,92.497,-2.890
CCCO,127.542,4.384,79.091,-7.601
CCCCCCCCCCO,236.951,4.738,104.281,-2.054
CCCCCCCCCCCCCCCO,400.531,2.265,7.095,-3.910
CCCCCCCCCCCCCCCCCCO,213.826,-2.459,17.584,-0.243
CCCCCO,246.539,-1.661,2.862,-6.831
CCCCCCCCCCCO,61.139,2.741,72.462,-1.248
CCCCCCCCCCCCCCCCCCCCO,243.954,1.228,90.404,-7.128
CCCCCCCCCCCCCCCCCCCO,431.620,3.361,59.036,-2.582
CCCCCCCCCCCCCCCO,158.807,5.981,56.979,-0.507
CCCCCCCCCCCCO,247.039,-2.395,88.775,-0.206
CCCCCCCCCCCCCO,96.960,0.194,132.453,-6.237
CCCCCCCCCCCCCCCCCCCCO,89.378,1.611,136.679,-5.890
CCCCCCCCCCCO,269.407,-2.444,64.353,-5.316
CCCO,351.576,-2.739,136.338,-3.695
CCCCCCCCCO,170.878,5.962,48.246,0.739
CCCCCCCCCCCCCCCCCO,248.735,-2.507,77.052,-1.294
CCCCCCCCCCCCCCCCO,254.995,2.267,27.389,-3.410
CCCCCCCCCCCCCCO,391.891,2.999,62.068,-1.833
CCCCCCCCCCCCCCCCCCCCCO,229.297,3.768,33.103,-7.846
CCCCCCO,272.101,4.392,17.370,-4.764
CCCCCCCCCCCO,405.302,1.871,45.448,-7.039
CCCCCCO,499.448,4.658,66.863,-1.433
CCCCCCCCCCCCO,293.895,-1.874,146.440,-3.160
CCCCCCCCCCO,330.130,-2.417,69.295,-7.892
CCCCCCCCCCO,376.191,1.517,3.248,-4.387
CCCCCO,358.358,2.449,95.619,-1.805
CCCCCCCCCCCCCCCCO,91.180,1.485,51.561,-0.136
CCCO,134.584,-2.500,17.450,-7.616
CCCCCCCCCCCCCCCCCCCO,288.403,3.777,30.078,-3.200
CCCCCCCCCO,439.523,-2.193,52.933,-1.790
CCCCCCCCCCCCCCCCCCCCO,245.887,2.531,42.887,-0.689
CCCCO,435.241,-0.616,139.965,-7.804
CCCCCCCCCCCCCCCCCCCCCO,484.291,4.591,63.287,-0.435
CCCCO,133.368,3.910,5.107,-2.269
CCCCCCCCCCCCCCCO,479.015,0.731,141.110,-3.395
CCCCCCO,495.679,4.103,34.419,0.481
CCCCCCCCCCCCCO,80.153,1.018,122.124,-6.028
CCCCCCO,360.920,5.816,78.143,-7.035
CCCCCCCCCCCCCCCCCCCCCO,50.827,-0.190,116.479,-1.688
CCCCCCCCO,409.200,3.206,57.082,-7.685
CCCCCCCCCCCCCCO,255.678,4.785,19.767,-0.286
CCCCCO,448.757,3.312,65.423,-3.356
CCCCCO,161.976,1.425,17.391,-3.532
CCCCCCCCCCCCCCCCCCCCCO,335.529,2.622,60.049,0.746
CCO,331.557,5.508,21.222,-6.855
CCCCCCCCCCCO,224.886,0.870,14.307,-2.616
CCCCCCCCCCCCCCCCCO,317.941,-0.621,124.483,-7.041
CCCCCCO,302.546,1.841,38.954,-1.950
CCO,302.686,3.599,14.559,-4.663
CCCCCCCCCCO,387.623,-0.443,120.463,-4.343
CCCCCCCCCCCCCCO,62.551,2.244,19.492,-1.105
CCCCCCCCCCCCCCO,271.384,4.572,34.952,-7.747
CCCO,234.745,-2.244,100.913,0.110
CCCCO,182.121,-2.644,115.412,-7.385
CCCO,313.111,0.190,13.615,-3.765
CCCCCCCCCCCCCO,432.696,4.706,25.670,-2.351
CCCCCCCCCCCCCCCCCCO,162.459,2.427,148.241,-2.291
CCCCCCCCO,189.855,5.933,124.718,-5.095
CCCCCCCCCCCO,314.514,2.910,37.909,-2.083
CCCCCCCCCO,116.399,-0.825,24.185,-5.663
CCCCCCCCO,111.979,4.331,144.748,-0.843
CCCCCCCCCCCCCCCCCCCCCO,83.309,0.475,105.802,-6.575
CCCCCCCCCCCCCCCCO,147.202,4.111,105.102,-5.203
CCCCCCCCCO,374.636,-0.393,147.544,-2.135
CCCCCCCCCCCCO,87.540,-2.366,34.635,-3.288
CCCCCCCCCCCCCCCCCCCO,256.270,2.409,25.142,-4.106
CCCCCO,136.494,-0.809,32.127,-2.542
CCCCCCCCCCCO,168.852,0.145,43.124,-7.738
CCO,332.092,4.695,66.195,-6.143
CCCCCCCCCCCCO,253.470,-0.262,36.995,-0.172
CCCCCCCCO,63.557,2.728,20.351,-2.634
CCO,248.102,3.558,83.922,-0.524
CCCCCCCO,426.927,5.545,1.326,-6.755
CCO,442.071,-0.117,86.500,-3.343
CCCCCCCCCCO,137.679,-2.929,41.957,-5.670
CCCCCCCCCCCCCCCCCCCO,223.456,0.636,79.289,-3.811
CCCCO,130.975,1.314,59.096,0.115
CCCCCCCCO,286.655,1.655,126.934,-6.697
CCCCCCCCCCCCO,228.604,4.922,109.225,-2.659
CCCCCCCCCCCCCCCCCCO,445.583,-2.416,103.371,-6.820
CCCCCCCCCCCCCCCO,295.665,1.899,88.779,-6.042
CCCCCCCCCCCO,367.865,5.616,136.435,-7.794
CCCCCCCCCCCCCCCCCCCCO,170.030,1.822,111.069,-0.017
CCCCCCCCCO,89.569,1.324,7.892,-0.430
CCCCCCCCCCCO,56.686,4.208,125.804,-7.642
CCCCCCCCCCCCCCCCCCCCO,243.539,5.601,141.265,-6.037
CCCCCCCCCCCCCCCCO,415.554,5.416,145.482,-2.036
CCCCCCCCCO,78.552,0.041,71.226,-3.390
CCCCCCCCCCCCCO,244.709,4.722,37.211,0.564
CCCCCCCCCCO,473.797,0.203,148.981,-2.903
CCCCCCCCCCCCCCO,456.009,4.788,27.130,-0.190
CCCCCCCCCCCCCO,84.063,0.775,87.936,-7.453
CCCCCCCCCCCCCCCCO,455.186,2.631,114.624,0.500
CCCCCCCCCCCCCCCCO,208.015,-2.178,50.281,-7.666
CCCCCCCCCCCCCCCCCCCCO,285.793,2.535,50.246,-2.853
CCCCCCCCCCCCCCCO,359.358,3.444,109.431,-3.597
CCCCCCCCCCCCCCO,62.465,1.511,18.063,-5.662
CCCCCCCCCCCCCCCCCCCCO,88.008,2.627,99.406,-6.030
CCCCO,126.697,0.348,95.512,-1.004
CCCCCCCCCCCCCCCCO,439.583,3.103,99.688,-0.382
CCCCCO,303.212,2.063,139.938,-7.694
CCO,175.438,-0.581,26.448,-3.704
CCCCCCCCCCCCO,57.668,4.865,35.630,0.707
CCCCCCCCCCCCCO,380.759,5.282,8.680,-4.036
CCCCCCCCO,227.168,5.940,34.797,-4.445
CCCCCCCO,194.122,1.088,122.454,-3.261
CCCO,426.887,-1.001,140.603,-1.939
CCCCCCCCCCCCCCCCO,134.986,-2.635,126.478,-4.602
CCCCCCCCCCCCCCO,280.122,-0.553,50.550,0.330
CCCCO,262.624,3.585,62.902,0.076
CCCCCCCO,425.884,1.579,76.171,-3.466
CCCCCCCO,170.239,0.717,72.197,0.622
CCCCCCCCCCCCCCCCO,441.553,1.963,42.953,-4.771
CCCCCCCCCCCCCCCCCCCO,415.390,3.449,79.666,-5.617
CCCCO,168.486,4.890,24.068,0.967
CCCCCCCCCCCCCCCCCCCCO,163.563,-2.859,123.110,-7.005
CCCCCCO,100.818,-2.489,10.224,-3.784
CCCCCCCCCCCCCCCCO,403.393,-2.479,7.694,-3.749
CCCCCCCCO,210.090,0.940,50.830,-5.134
CCCCCCCCCCCCCCO,471.360,0.502,12.393,-0.642
CCCCCCCCCCCCCCCCO,302.462,5.909,64.705,0.145
CCCCCCCCCCCCCCCO,314.192,-1.320,128.551,-5.027
CCCCCCCCCCCCCO,485.275,-2.395,88.952,0.758
CCCCCCCCCCCCCCCCCCCCO,456.214,-1.406,114.619,0.230
CCCCCO,289.166,1.295,105.671,-4.774
CCCCCCCCCCCCCCCCCCO,460.292,3.402,115.958,-5.309
CCCCCCO,341.033,0.832,52.628,-0.979
CCCCCCCCCCCCCCCCCCCO,83.840,0.313,23.348,0.187
CCCCCCCCCCCCCCCCO,279.570,-0.545,89.497,-4.958
CCCCCCCCCCCCCCCCCO,455.152,-2.270,91.634,-1.007
CCCCCCCCCCCCCCCCCCCO,384.285,5.529,13.625,-7.414
CCCCCCCO,175.358,3.483,60.339,-3.123
CCCCCCCCCCO,364.185,4.740,102.200,-2.989
CCCCCO,368.513,1.170,10.677,-1.393
CCCCCCO,358.649,-2.761,106.016,-2.264
CCCCCCCCCCCO,205.252,2.920,139.603,-7.848
CCCCCCCCCCCCCCCCCCCCCO,247.603,2.263,114.305,-5.158
CCCCCCCCCCCCCCO,362.452,3.831,7.679,-0.683
CCCCCCCCCCCCCCCCO,434.435,3.213,14.602,-4.344
CCCCCO,435.972,5.950,2.626,0.234
CCCCCCCCCCCCCCCCCCCO,318.042,3.860,52.236,-4.359
CCCO,114.425,5.460,42.828,-1.690
CCCCCCCCCCCCCCCO,420.753,-1.504,85.541,-1.492
CCCCCCCCCCCCCCCCCCCCO,414.921,2.360,111.176,-7.686
CCCCCCCCCCCCCCO,292.590,2.341,137.000,-5.084
CCCCCCCCCCCCCCCCO,226.905,5.883,137.237,0.096
CCCCCCO,276.499,2.781,90.776,0.593
CCCCCCCCCCCCCCO,167.224,1.403,5.028,-2.364
CCCCCCCCCCCO,121.814,2.702,40.325,-5.532
CCCCCCCCCCO,484.473,5.732,125.030,0.315
CCCCCO,260.583,-1.638,36.128,-5.861
CCCCCCCCCO,85.969,4.331,14.477,-7.663
CCCCCO,69.720,0.734,122.271,-6.974
CCCCCCCCCCCCCCO,488.777,2.527,123.201,-6.567
CCCCCCCCCCCCCCCCCCCCO,270.206,5.857,141.692,-4.830
CCCCCCCCCCCCCCCCCCCCCO,229.123,1.612,119.588,-1.986
CCCCCCCCCCCCO,288.551,-2.366,94.345,-1.236
CCO,413.678,-0.319,67.589,-7.994
CCCO,383.961,1.939,88.707,-2.400
CCCCCCCCCCO,256.385,-1.945,144.571,-5.989
CCCCCCO,279.368,4.970,140.837,-4.706
CCCCCCCCCCCCCCCCO,92.482,0.878,100.826,-5.527
CCCCCCCCCCCCCO,163.568,4.398,49.274,-2.416
CCCCCCCCCCCCCCCCCCCO,150.337,2.530,34.511,-0.440
CCCCCCCCCCCCCO,338.517,0.676,51.447,0.100
CCCCCCCCCCCCCCCCO,100.372,-2.523,44.300,-3.364
CCCCCCCCO,489.652,-0.935,110.351,-4.615
CCCCCCCCCCO,442.083,5.981,115.836,-6.735
CCCCCCCCCCCCCCCCCO,90.694,4.196,41.402,-6.027
CCCCCCCCCCCCCCCO,232.276,-1.967,65.942,-3.338
CCCCCCCCO,122.571,-0.547,125.610,-5.061
CCCCCCCCCCO,305.097,-1.656,33.200,0.310
CCCCCCCCCCCCCCCCCCCCCO,291.192,0.078,136.400,-0.462
CCCCCCCO,364.041,-0.664,136.303,-7.342
CCCCCCCCCCCCCO,359.687,0.333,121.907,-6.294
CCO,469.803,0.051,49.467,-0.846
CCCCCCCCCCCCO,499.794,4.104,38.600,-4.377
CCCCCCCCCCCCCCCCCCCCCO,174.137,0.179,11.256,-0.761
CCCCCCCCCCCCCCCO,150.366,1.248,51.920,-5.455
CCO,97.781,1.780,8.067,-2.400
CCCCCCCCCO,397.859,1.819,127.208,-4.190
CCCCCCCCCCCCCCCCCCCCCO,52.055,0.572,109.645,-6.131
CCCCCCCCCCCCCCCCCO,351.466,0.544,14.831,0.255
CCCCCCCO,455.445,2.936,32.242,-5.221
CCCCCCCCCCCCCCCCCCCO,400.397,4.745,43.950,-6.751
CCCCCCCCCCCCCCCCCCO,186.744,-1.800,50.019,-5.109
CCCCCCCCCCO,67.874,1.522,129.171,-5.348
CCCCCCCCCCCO,168.880,-0.392,119.898,-4.994
CCCCCCO,166.504,4.934,66.290,-2.084
CCCCCCCCCCCCCCCCCO,374.374,5.054,57.537,-7.165
CCCCCCCCO,487.188,-0.147,78.435,-5.251
CCCCCCCCCCCCCCCO,407.835,5.602,93.923,-5.085
CCO,204.974,2.624,77.868,0.438
CCCCCCCCCO,284.144,-2.706,2.854,-4.008
CCCCCCCO,451.651,4.927,42.154,-1.968
CCCCCCCCO,433.443,0.860,94.430,-7.605
CCCCCCCCCCCCCCCCCO,225.671,5.595,102.626,-2.060
CCCCCCCCCCCCCCO,179.541,5.889,7.480,-5.938
CCCCCCCCCCCCCCCO,314.543,1.382,30.475,-3.398
CCCCO,201.459,2.709,129.905,-6.386
CCCCCCCCCO,282.714,4.514,142.471,-0.198
CCCCCCCCCCCCCCCO,355.331,-1.036,116.694,-5.463
CCCCCCCCCCO,401.397,-1.382,37.895,-3.960
CCCCCCCCCCCCCCCO,187.464,-0.324,8.088,-6.420
CCCCCCCCCCO,296.963,-1.865,100.942,-3.042
CCCCCCCCCCCCCCCCCCCCO,276.474,-2.975,57.250,-7.129
CCCCCCCO,319.018,-1.201,26.224,-1.687
CCCCCCCCCCCCCCCCCCCCO,338.368,1.777,108.326,-6.017
CCCCCCCCCCCCCCO,356.937,3.045,79.159,-1.119
CCCCCCCO,74.022,5.256,59.370,-4.270
CCCCCCCO,149.936,2.503,81.003,-4.990
CCCCCCCCCCO,136.314,2.362,123.118,-5.773
CCCCCCCCCCCO,328.761,5.040,106.880,-1.590
CCCCCCCCCCO,212.753,3.524,75.042,-6.030
CCCCCCCCO,291.694,-2.802,32.788,-6.481
CCCCCCCCCCCCO,148.840,2.882,4.924,-6.028
CCCCCCCCCCO,165.882,2.717,56.328,-1.088
CCCCCCO,373.816,5.452,45.204,-0.340
CCCCCCCCCCCCCCO,400.445,0.204,29.699,0.233
CCCCCCCCCCO,267.489,-1.626,87.014,-6.727
CCCO,82.512,-2.322,74.044,-3.915
CCCCCCCCCCCO,68.117,0.034,0.641,-1.808
CCCCCCCCCCCCCCCCCCCCCO,272.927,0.883,130.747,-4.118
CCCCCCCCCCCCCO,469.740,3.482,114.023,-1.323
CCCCCCCCCCCCCCO,180.156,-2.135,143.490,-6.550
CCCCCCCCCCCCO,461.285,2.116,105.797,-6.892
CCCCCCCCCCCCCCO,73.372,2.472,16.903,-5.937
CCCCCCCCCCCCCCCCCO,222.646,3.175,33.015,-7.137
CCCCCCCCCCCCCO,195.416,0.955,115.474,-6.500
CCCCCCCCCCCCCCCCCO,303.462,-1.342,75.547,-1.881
CCCCCCO,103.775,5.753,83.550,-7.956
CCCCCCCCCCCO,424.366,-1.068,139.948,-2.091
CCCCCCO,107.344,3.461,88.414,-5.584
CCCCCCO,82.828,-1.260,114.660,-2.582
CCCCCCCCO,401.679,1.870,73.533,-2.571
CCCCCCCCCCCCCCCCCO,159.251,-2.345,22.746,0.100
CCCCCCCCCCCCCCCCCCCCCO,326.206,5.636,82.248,0.696
CCCCCCCCCCCCCCCCCCCCO,462.716,5.907,53.321,-5.491
CCCCCCCCCCCCCCCCCCCCO,261.369,4.051,137.593,-1.608
CCCCCCCCCO,467.390,1.985,17.630,-0.040
CCCCCCCCCCCCCCCO,215.476,0.994,84.336,-4.474
CCCCCCCCCCCCCCCCCCCCO,499.149,-2.529,137.629,0.910
CCCCCCCCCCCCCCCCCCCCCO,258.515,2.969,69.999,-4.641
CCCCCCO,255.814,1.917,80.394,-2.620
CCCCCCO,324.064,-0.456,124.847,-7.207
CCCCCCCCCO,430.894,1.608,100.643,-5.294
CCCO,219.052,2.723,8.014,-1.277
CCCCCCCCCCCCCCCCCCCCCO,144.841,-2.888,113.744,-5.070
CCCCCCCCCO,341.373,-1.482,7.648,-4.560
CCCCCCCO,469.689,-2.845,74.396,-3.632
CCCCCCCCCCCCCCCCCCCO,436.134,-2.741,96.813,-2.005
CCCCCCCCCCCCCCO,483.240,1.661,1.218,-2.357
CCCCCCCCO,341.193,-0.160,146.378,0.201
CCCCCCCCCCCCCCCCO,428.534,-1.394,21.954,-5.735
CCCCCCCCCCCCCCCCCCO,221.896,-2.164,18.515,-1.732
CCCCCCCCCCCCCCO,427.356,0.300,5.647,-4.316
CCCCCCCCCCCCCCCCCO,479.251,-1.480,29.564,0.791
CCCCCCCCCCCCO,339.098,-0.312,71.616,-0.447
CCCCCCCCCCCCCCCCCCCCCO,308.493,1.553,113.897,0.161
CCCCCCCCCCCO,105.469,3.927,148.711,-1.169
CCCCCCCCCCCCCCCCCCCCCO,191.923,4.145,97.574,-3.895
CCCCO,234.392,-1.738,81.602,-0.877
CCCCCCO,193.847,3.007,111.879,-3.932
CCCCCCCCO,451.808,1.173,120.538,-0.273
CCCCCCCCCCCCCO,54.414,-1.096,53.408,-0.494
CCO,92.693,4.169,113.848,-5.240
CCCCCCCO,184.631,5.693,97.761,-1.301
CCCCCCCCCCCCO,145.323,-2.632,143.906,-1.635
CCCCCCCCCCCCCCCCCCCCCO,258.084,5.693,5.510,-0.821
CCCCCCCCCCCCCCCCCCO,456.479,-0.556,9.872,-2.236
CCO,108.513,3.766,52.113,-0.724
CCCCCCCCCCCCCCCCCO,67.566,-2.003,103.849,-1.238
CCCCCCCCCO,283.075,0.924,39.597,-7.948
CCCCCCO,489.955,1.275,114.589,0.449
CCCCCCCCCCCCCO,84.909,2.382,139.292,-5.773
CCCCCCCCCCCCCCCCCCCO,119.455,-1.805,20.827,-1.747
CCCCCCCCCCCCO,137.442,-1.768,132.809,-0.096
CCCCCCO,398.890,2.363,149.932,-4.828
CCCCCCO,365.245,-2.922,119.744,0.479
CCCCCCCCCCCCCCCO,371.336,-0.215,20.051,-4.165
CCCCCCCCCCCCCO,402.702,0.148,132.688,-6.329
CCCCCCCCCCO,53.591,-0.931,127.362,-3.505
CCO,85.618,5.909,0.376,-0.924
CCCCCCCCCO,109.613,0.529,149.526,-2.449
CCCCCCCCCCCCCCO,150.120,4.669,92.651,-6.350
CCCCCCCCO,122.684,4.971,137.678,0.911
CCCCO,104.899,4.228,83.434,-6.158
CCCCCCCCCCCCCCCCCCCO,291.383,4.134,105.878,-4.118
CCCCCCCCCCCCCO,474.378,-1.514,92.697,-4.812
CCCCCCCO,359.338,5.332,91.598,0.993
CCCCCCCCCCCCCCCO,148.399,-2.391,95.085,-5.045
CCCCCCCCCCCCCO,311.708,0.873,93.094,-2.138
CCCCCCCCO,451.957,0.129,110.589,-4.881
CCCCCO,251.333,-2.922,142.992,-4.302
CCCCCCO,136.180,3.348,92.405,-6.539
CCCCCCCCCCCCCCCCCCCCO,189.523,5.960,16.688,-2.257
CCCCCO,471.974,3.357,83.730,-2.871
CCCCCCCCCO,468.802,0.879,21.134,-0.754
CCCCCCCCCCCCCO,276.372,3.697,135.408,-2.907
CCCCCCO,358.252,3.269,34.975,-3.619
CCCCCCCCCCCCCCCCCCCCO,375.455,4.622,79.813,-6.334
CCCCCCCCO,135.290,0.124,35.824,-3.258
CCCCCCCCCCCCCCCO,301.250,-1.513,35.209,-6.023
CCCCCCCCCCCCCCCCCCO,289.712,-2.489,23.307,-3.061
CCO,114.027,-0.602,54.117,0.885
CCCCCCO,92.196,4.906,61.893,-2.656
CCCO,296.826,4.685,68.742,-1.421
CCCCCCCCCCCCO,190.125,-0.298,143.328,-0.232
CCCCCCCCCCCO,406.845,1.342,100.845,-2.735
CCO,371.516,0.816,31.285,-2.323
CCCCCCCCCO,261.156,-2.362,31.902,-4.932
CCCCCCCCCCCO,178.572,1.186,104.461,-2.842
CCCCCCCCCCCCCCCCCCO,144.689,1.166,12.529,-7.722
CCCCCCCCCCCO,374.933,2.597,30.727,-5.343
CCCCCCCCCCCCCCCO,497.252,2.783,138.516,-4.448
CCCCCCCCCCCCCCCCO,149.601,5.295,2.114,-5.585
CCCCCCCCCCCCCCCCCO,452.815,4.695,113.183,-2.661
CCCCCO,146.328,1.019,32.251,-7.445
CCCCCCCO,489.753,3.319,57.978,-4.638
CCCCCCO,409.918,5.057,106.801,-7.595
CCCCCCCCO,391.830,1.892,108.333,-2.105
CCCCCCCCCCCO,185.431,-1.787,106.097,-4.097
CCCCCCCCCCCCCCCCCCCCO,205.275,3.406,128.417,-1.091
CCCCCCCCCCO,141.493,1.150,133.858,-0.653
CCCCCCCCCCCCCCCCCCCCCO,236.934,-0.508,66.576,-6.999
CCCCCCCCCCCCO,251.477,3.138,134.109,-3.330
CCCCCCCCCO,279.067,5.201,37.238,-6.587
CCCCCCCCCO,235.297,-2.728,64.394,-5.972
CCCCO,88.172,1.219,109.083,-0.842
CCCCCCCCCO,181.461,0.521,1.189,0.952
CCCCCO,383.916,-0.465,100.586,-1.804
CCCCCCCCCCCCCCCCCCCO,77.533,3.706,22.304,0.065
CCCCCCCO,283.266,4.331,16.637,-7.482
CCCCCCCCCCCCO,188.261,5.865,45.936,-3.939
CCCCCCCCCCCCCO,177.991,2.648,39.519,-1.257
CCCCCCCO,463.772,5.864,50.734,-0.649
CCCO,107.913,-1.816,48.462,-0.507
CCCCCCCCCCCCCCCCCO,125.340,-2.754,145.228,-7.841
CCCCCCCCCCCCCCCCCCCCCO,306.004,0.783,123.926,-0.653
CCO,413.410,1.583,126.235,-7.044
CCCCCCCCCCCCCCCCCCCCO,306.275,4.126,13.407,-0.200
CCCCCCCCCCCCCO,313.453,4.449,70.807,-3.119
CCCCCCCCO,490.914,-1.856,70.621,-4.109
CCCCCCCCCCCCCCCCCCO,95.266,1.073,77.450,-0.946
CCCO,454.657,0.813,136.534,-4.842
CCCCCCCCO,87.249,0.256,88.868,-5.019
CCCCCO,441.638,-1.168,47.650,-0.159
CCCCCCCCCCCCO,396.962,-1.122,118.877,-2.987
CCCCO,270.808,1.151,75.030,-4.525
CCCCCCCCCCCCCCCCCCO,396.345,1.726,71.245,-6.431
CCCCCCO,50.151,-0.224,97.742,-6.650
CCCCCCO,362.098,5.279,118.562,-7.237
CCCCCCCCCCCCCCCCCO,277.902,0.506,91.601,-1.273
CCCCCCCCCCCCCCCCCCCO,480.379,1.536,103.065,-3.765
CCCCCCCCCCCCCCCCCO,106.422,2.964,56.703,0.581
CCCCCCCCCCO,324.498,-1.736,32.630,0.113
CCCCCCCCCCCCCCCCO,332.451,3.060,52.127,-5.967
CCCCCCO,178.566,3.973,85.329,-1.010
CCCCCCCCCCCCO,118.886,2.412,133.738,-0.098
CCCCCCCCCCCCCCCCCCCCCO,227.027,3.036,10.969,-7.998
CCO,349.783,4.355,131.615,-6.820
CCCCCCCCCCO,77.666,5.989,64.611,-1.862
CCCCCCCCCCCCCO,140.097,3.175,23.773,-7.279
CCCCCO,240.235,4.485,75.326,-7.086
CCO,457.028,-2.496,61.161,0.158
CCCCCCCCO,140.809,4.807,135.359,-3.901
CCCCCCCCCCCCCCCCCCO,60.667,3.299,149.389,-5.349
CCCCCCCCCCCO,405.020,1.071,6.581,-6.566
CCO,330.782,-2.786,22.192,-7.040
CCCCCCCCCCO,403.095,5.722,127.331,-3.548
CCCCCCCCO,464.949,-1.822,134.806,-2.215
CCCCCCCCCO,120.864,3.112,36.531,-2.448
CCCCCO,51.544,4.341,85.155,-2.135
CCCCCCCO,171.553,-2.147,45.053,-4.609
CCCCCCCCCCCO,295.267,5.300,20.900,-0.557
CCCCCCCCCCCCCCCCCCCO,492.427,-0.306,15.066,-1.124
CCCCCCCCCCCCCCCCO,229.819,3.780,4.553,-0.692
CCCCCCCCCCCCCCCCCO,484.495,-2.931,44.080,-3.776
CCCCCCCCCCCCCO,131.066,1.295,130.684,-0.267
CCCCCCCCO,283.540,4.076,96.276,-6.760
CCCCCCCCO,372.583,1.422,7.296,-0.529
CCCCCCCCCCCCCO,80.029,-2.616,64.791,-1.367
CCCCCCCCCCCCCCCCO,248.793,1.144,98.567,-1.286
CCCCCCCCCCCCCCCCO,216.996,-1.168,136.550,-5.664
CCCCCCCCCCCCCCCCCCO,391.136,-2.026,114.097,-4.264
CCCCCCCCO,197.420,4.509,130.374,-2.223
CCCCCCCCO,473.448,3.465,125.158,-6.246
CCCCCCCCCCCO,346.842,0.370,136.028,0.910
CCCCCCCCCO,318.476,-0.255,119.784,-1.698
CCO,206.569,5.448,104.225,-1.246
CCCCCCCCCCCCCCCCCO,254.809,4.552,133.649,0.738
CCCCCCCCCCCCCCCCCCCCCO,208.044,-2.261,25.760,-4.151
CCCCCCCCCCCCCCO,230.398,0.169,135.960,-7.665
CCCCCCCCCCCCCCCCCCCO,254.934,4.654,86.032,-5.409
CCCCCCCCCCCCCO,384.788,-0.039,138.696,-0.062
CCO,469.649,-1.971,45.253,-5.540
CCCCCCCCCCCCCCCCCCO,265.896,-2.530,47.661,-1.656
CCCCCCCCCCCCCCCCO,311.820,2.055,76.901,-6.465
CCCO,230.429,-1.273,30.211,-6.994
CCCCCCCO,239.266,2.092,91.058,-6.838
CCCCCCCCCCO,157.878,5.655,85.586,-6.345
CCCCCCCCCCCCCCCO,57.611,-0.252,20.781,-4.296
CCCCCCCCCCCCCCCCO,278.340,3.749,128.127,-3.341
CCCO,224.117,3.204,109.888,-4.279
CCCCCO,344.662,0.845,130.015,-7.760
CCCCCCCCCCO,320.354,-0.378,48.796,-3.446
CCCCCCO,294.735,-1.035,111.187,-6.525
CCCCCCCCCCCCCCCO,283.813,5.665,11.897,-3.288
CCCCCCCCCCCCCCCCCCO,78.359,0.290,94.321,-6.654
CCCCCCCCCCCCCCCCO,232.805,-0.050,42.300,0.763
CCCCO,288.429,-2.838,13.192,0.704
CCCCCCCCO,323.974,4.743,54.562,-3.361
CCCCCCCO,458.048,-1.805,113.961,-7.329
CCCCCCCCCCCO,358.109,3.510,55.501,-5.209
CCCCCCCCCCCCCCO,264.156,0.315,146.993,-2.390
CCCCCCCCCCCCCCCO,118.180,-1.805,71.668,-2.267
CCCCCCCCCCO,242.229,2.199,90.787,-5.353
CCCCCCCCCCCCCCCCCO,205.095,-1.817,21.745,-2.165
CCCCCCCCCCCCCCCCCO,479.592,-1.639,147.779,-5.002
CCCCO,357.185,2.064,149.340,-6.470
CCCCCCCCCCCCCCCO,331.511,-0.261,33.116,-7.910
CCCCCCCCCCCCCCCCCO,210.866,4.481,72.888,-4.464
CCCO,242.236,1.386,22.431,-6.665
CCCCCCCCCCCCCCO,104.774,4.062,134.014,-6.707
CCCCCCCCCCCCCCCCCCO,409.736,4.788,78.894,0.465
CCCCCCO,433.132,-1.295,59.788,-2.206
CCCCCCCCCCO,269.636,-2.668,12.071,-7.760
CCCCCCCCCCCCCCCCCCCCO,194.010,4.306,36.915,-0.560
CCCCCCCCCCCCCO,439.235,5.024,123.590,-1.287
CCCCCO,353.671,-2.694,43.312,0.934
CCCCCCCCCCCCCCCCCCCCO,98.929,4.334,38.745,-5.678
CCCCCCCCCCCCO,99.683,5.098,44.235,-5.483
CCCCCCO,271.486,-2.060,133.204,0.271
CCO,491.677,5.337,70.013,-5.883
CCCCCCCCCCCCO,117.486,1.367,25.775,-5.467
CCCCCCCCCO,341.386,3.293,133.136,-2.469
CCCO,321.738,4.139,100.673,-3.829
CCCCCCCCCCCCCCCCCO,214.332,0.806,145.936,-5.974
CCCO,196.247,3.018,81.770,-1.757
CCCCCCCCCCCCO,114.153,-1.172,119.844,-3.529
CCCCCCCCCCCCCCCCCO,260.862,1.189,12.015,-2.628
CCCCCCCCCCCCCCCCCCCO,427.301,-1.979,85.702,-0.657
CCCCCCCCCCCCCCCO,91.927,-1.699,135.882,-4.559
CCCCCCCCCCCCCCCO,463.645,2.012,142.065,-7.966
CCCCCCCCCCCCCCCCCCCCCO,100.619,4.462,12.292,-5.027
CCCCCCCCCCCCCCCCCCCCO,301.660,0.369,102.467,-7.328
CCCCCCCCCCCCCCCCO,185.089,4.006,139.902,-4.419
CCCCCCCCCCCCCCCCCCCO,323.710,1.115,71.716,-0.244
CCCCCCCCCCCCO,174.859,4.476,39.711,-2.070
CCCCCO,401.187,-1.502,98.846,-7.959
CCCCCCCCCCCCO,202.074,-1.544,65.869,0.904
CCCCCCCCCCCCCCCO,297.257,0.616,130.876,-4.443
CCO,111.376,5.698,75.744,-2.156
CCCCCCCCCCCCO,107.740,2.508,85.276,-0.303
CCCCCCCCCCCCCCCCCCCO,113.593,-1.688,35.542,0.047
CCCCCCCCO,466.276,4.492,31.884,-2.966
CCCCCCCCCCCCCCCCO,404.429,1.227,64.214,-7.996
CCCCCCCCCCCCCCCO,452.631,3.396,124.320,-5.600
CCO,395.915,4.679,16.312,-3.381
CCCCCCCCCO,242.810,-1.837,78.163,-2.891
CCCCCCCCCCCCCCCCCCCO,215.331,5.077,131.507,-1.264
CCCCO,370.259,0.645,54.710,0.257
CCCCCCCCCCCCCCCCCCO,247.621,0.390,4.228,-7.569
CCCCCCCCCCCCCCCCCO,432.270,3.871,15.467,-4.851
CCCCCCCO,361.589,-1.896,21.707,0.029
CCCCO,125.472,-0.488,71.016,-1.757
CCCCCCCCCCCCCO,134.098,-2.608,97.303,-3.106
CCCCCCCCCCCCCCCCO,317.886,4.400,1.659,-3.769
CCCCCCCCO,138.633,-0.244,38.508,-6.483
CCCCCCCCCCCCCCCCCCCCO,413.613,-0.278,115.171,-3.909
CCCCCCCCCCCCCCO,356.268,5.080,143.009,-4.784
CCCCCCCCCCCCCO,153.813,4.113,81.095,0.859
CCCCCCCCCCCCCCCCO,330.089,5.486,138.850,0.919
CCCCCCCCCCCCO,204.330,4.508,131.277,-6.307
CCCCCCCCO,332.069,-2.943,139.391,-2.166
CCCCCCCCCCCCCCCCO,178.042,1.711,137.095,-7.012
CCCCO,321.620,4.678,141.893,-0.005
CCCCCCCCCCCCCCCO,120.588,0.960,48.092,-3.980
CCCCCCCCCCCCCCCCCCO,210.927,-0.417,19.146,-3.109
CCCCCCCCCCCCCCCCCCCCCO,284.856,-0.811,67.830,-3.575
CCCCCCCCCCCCCCCCCCO,192.465,-1.996,45.890,-0.551
CCCCCCCCCCO,337.969,-0.614,2.736,-7.962
CCCCCCCCCCCCCO,275.849,-2.488,23.860,-7.689
CCCCCCCCCCO,161.461,3.527,72.334,-1.502
CCCCCCCCCCCCCCCCCO,202.002,-2.195,26.273,-1.535
CCCCO,403.709,-1.700,29.081,-3.845
CCCCCCCCCCCCCCCCO,206.023,2.284,11.732,-5.899
CCCCCCCCCO,89.667,-0.190,55.468,-6.902
CCCCCCCCCCCCCCCCCCCCCO,212.163,-0.756,42.537,-0.048
CCCCCCCCCCCO,414.235,-1.879,25.110,-4.341
CCCCCCCCCCCCCCCCO,475.570,3.978,125.314,-4.095
CCCCCCCCCCCCCCO,119.274,-0.805,45.219,-2.584
CCCCCCCCCCCCCCCCCCCCO,450.534,4.732,17.600,0.010
CCCCCCCCCCCCCO,254.429,2.933,59.204,-6.089
CCCCCCCCCCCCO,489.925,2.645,48.773,-2.264
CCCCCCCCCCCCCCCCCCCCCO,70.311,2.942,39.867,-0.727
CCCCCCO,141.829,0.361,94.718,-2.922
CCCO,369.221,-1.793,74.842,-1.209
CCCCCCCCCCO,165.851,-1.596,17.828,-5.140
CCCCCCCCCCCCO,190.706,3.832,128.066,-6.101
CCCCCCO,280.359,1.781,132.278,-7.737
CCCCCCO,227.255,2.566,77.438,-2.580
CCCCO,394.037,3.174,34.618,0.678
CCCCCCCCCCCCCCCCCO,262.836,3.945,47.645,-2.983
CCO,287.794,1.716,104.867,0.294
CCCCCCCCCCO,60.887,0.431,78.275,-6.698
CCCCCCCCCCCCCCCCCCCCCO,166.809,0.661,105.947,-4.364
CCCO,269.513,5.941,84.606,-5.998
CCCCCCCCCCCCO,461.231,2.498,98.921,-0.318
CCCCCCCCCCCCCO,370.844,3.786,138.373,-5.826
CCCCCCCCCCCCCCCO,111.820,-1.008,137.951,-2.375
CCCO,160.834,2.111,85.079,-6.314
CCCCCO,496.141,3.939,63.096,0.364
CCCCCCCCCCCCO,438.369,3.806,54.215,-2.060
CCCCCCCCCCCCCCCO,462.290,0.154,116.151,-7.358
CCCCCCCCCCCCCCCCO,107.738,2.636,55.316,-3.832
CCCCCCCCCCCCCCCO,219.852,-0.634,68.671,-2.017
CCCCCCCCCCO,366.633,3.258,2.130,0.467
CCCCCCCCCCCCCO,240.682,-0.872,52.677,-3.808
CCCCCCCCCCCCO,248.310,3.773,21.715,-1.537
CCCCCCCCCO,404.044,-2.109,40.897,-5.984
CCCCCCCCCCCCCCCCCCCCO,132.994,1.003,55.169,-1.711
CCCCCCCO,224.927,0.180,99.260,-0.399
CCCCCCCCCCCCCCCCCCCCO,233.956,1.582,68.742,-7.521
CCCCCCCCCCCCCCCCCCCO,171.264,-0.213,121.615,-4.157
CCCCCCCCCCCCCCCCCCCCO,407.994,-1.200,41.840,-4.246
CCCCCCCCCCCCCCCCCCO,431.516,-0.369,90.735,0.654
CCCCO,235.828,3.302,72.240,-3.368
CCCCCCCCCCCCCO,430.907,2.116,129.624,-7.249
CCCCO,195.450,4.742,13.612,-0.040
CCCCCCCCCCCCCCCCO,109.745,3.170,9.674,-0.053
CCCCCCO,272.384,3.205,65.411,-5.350
CCCCCCCCCCCCCCCCCCCCCO,162.543,2.704,89.565,-7.178
CCCCCCCCCCCCCCCCCCCO,301.540,4.482,54.787,-5.901
CCCCCCCCCCCCCCCCCCCO,349.979,-1.636,3.272,-1.233
CCCCCCCCCCCCCCO,68.865,0.001,57.476,-0.766
CCCCO,320.982,1.054,49.181,0.926
CCCCCCCCCCCCCCCCCO,78.826,5.923,114.058,-5.730
CCO,342.371,2.656,130.740,-5.281
CCCCCCCCCO,305.128,0.402,145.830,-7.319
CCCCCCCCCCCCCCCCCCCCO,90.537,-0.808,62.876,-0.346
CCCCCCCCCCCCCCCCO,298.944,-0.201,115.171,-6.706
CCCCCCCCCCCCCCCCCO,330.215,-1.650,17.475,-5.590
CCO,273.576,2.960,67.929,-6.672
CCCCCCCCCCCCCCO,248.676,4.513,148.744,-2.674
CCCCCCCCCCCCCO,367.636,0.572,115.209,-1.930
CCCCCCCCCCCCCCCCCCCCO,87.740,-1.058,33.429,-2.513
CCCCCCCCCCCCCO,485.775,2.010,143.106,-7.254
CCCCCCCCCO,435.610,-0.016,108.944,-6.194
CCCCCCCO,297.056,1.591,9.228,-2.265
CCCCCCCCCCCCCCCCCCCCO,449.233,3.147,129.976,-4.867
CCCCCCCCCCCCCO,396.168,-2.987,87.183,0.368
CCCCCCCO,221.500,-1.359,39.735,0.207
CCCCCCCCO,233.110,-1.297,148.210,-4.237
CCCCCCCCCCCCCCCCCCCCO,141.309,2.134,6.469,-2.743
CCO,417.762,-1.130,8.610,-6.674
CCCCCCCCCCCCCCO,324.655,-1.344,88.403,-2.018
CCCCCCCO,451.705,5.648,143.904,-3.502
CCCCO,458.214,-1.355,149.630,-5.408
CCCCCCCCCCCCCO,249.138,2.152,6.520,0.905
CCCCCCCCO,434.698,4.791,117.904,-5.845
CCCCCCCCCCCCCCCO,422.735,4.881,106.975,-1.553
CCCCCCCCCO,211.880,4.047,73.522,-4.302
CCCCCCCCO,256.335,3.085,119.685,-7.581
CCCCCCCCCO,292.889,0.811,81.599,-1.147
CCCCCCCCCCCCCCCO,280.664,2.408,14.192,-6.176
CCCCCCCCCCCCCCO,143.892,3.308,64.833,-0.448
CCCCCCCCCCCCCCCCCCO,372.192,4.680,90.496,-1.229
CCCCCO,219.377,5.444,114.287,-3.427
CCCCCCCCCCCCCO,190.759,-1.418,127.297,-2.024
CCCCCCCCCCCCCCCCCCCO,160.887,-1.287,128.255,-7.231
CCCCCCCCCCCCCCCO,383.330,1.431,38.394,-7.698
CCCCCCCCCCCCCCO,205.125,5.298,62.527,-7.509
CCCCCCCCCO,117.949,5.414,98.839,-2.069
CCCCCCCCCCCCCCCCCCCO,454.593,-0.330,145.406,0.191
CCCCCCCCCCCCCCCO,353.232,0.367,46.982,-5.954
CCCCCCCCCCCCCCO,482.115,-0.033,86.748,-6.106
CCCCCO,346.764,-1.773,52.738,-6.705
CCCCCCCCCCCCCCCCCCO,440.976,3.786,37.606,-7.887
CCCCCCCCCCCCO,439.715,-0.134,31.027,-4.523
CCCCCCCCCCCCCCO,326.740,1.967,101.649,-3.786
CCCCCCCCO,100.661,4.310,57.008,-6.994
CCCCCCCCCCCCCCCCCCO,485.865,3.531,120.110,-0.400
CCCCCCCCCO,260.060,1.346,12.276,-1.213
CCCCCCCCCCCCCO,479.331,5.530,68.933,-1.203
CCCCCCCCCCCCCCO,140.809,3.541,90.457,-4.938
CCCCCCCCCCCCCCCCCO,176.148,-1.392,74.613,-1.313
CCCCCCCCCCCCCCCCCCO,237.771,-2.567,28.851,-0.457
CCCCCCCCCCCCCCCO,362.305,-1.340,3.593,-5.395
CCCCCCO,178.326,-1.463,44.754,-3.422
CCCCCCCCCCCO,439.598,1.037,31.718,-6.251
CCCO,142.638,0.386,145.578,-2.066
CCCO,352.763,-2.205,74.017,-4.827
CCCCCCCCCCCO,131.354,3.239,69.155,-4.896
CCCCCCCCCCCCCCCCCCCCCO,281.948,5.294,32.653,-3.107
CCCCCCCCCO,236.536,3.020,142.106,-5.686
CCCCCCCCCCCO,290.768,1.174,50.168,0.792
CCO,271.323,1.391,19.903,-4.174
CCCCCCCO,178.603,3.201,28.585,-2.677
CCCCCCCCCCCCCCO,411.409,3.281,36.511,-3.643
CCCCCCCCCCCCO,213.118,-0.215,143.070,-7.478
CCCCCCCCCCCCCCCCCCO,474.157,-1.585,7.941,-3.748
CCCCCCCCCCCCCCCCCCCCCO,463.933,3.394,123.850,-7.870
CCCCCCCCCCCCCCCCCO,452.782,4.361,115.353,-5.814
CCCCCCCO,96.682,-0.436,34.521,-7.051
CCCCCCCCCCCCCCCO,464.706,-0.431,74.371,-5.477
CCCCCCCCCCCO,99.362,1.197,42.173,-0.914
CCCCCCCCCCCCCCCCCCCCO,292.601,0.057,44.552,-5.704
CCCCCCCCCCCCCCCCCCO,375.595,4.564,33.403,-7.970
CCCCCCCCCCCCCCCCO,99.902,0.838,37.848,-6.740
CCCCCCCCCCCCCCCCCCO,187.404,4.032,59.884,-6.389
CCCO,260.639,-0.064,90.190,-0.668
CCCCCCCO,329.837,1.913,16.422,0.821
CCCCO,325.785,5.758,149.659,-2.697
CCCCCCCCCCCCCCCO,270.735,-1.739,9.468,-2.976
CCCCCCCCCCCCCCCCCCCO,265.675,2.397,19.868,-7.599
CCCCCCCCCCCCCCCCCCCO,407.660,0.726,102.568,0.901
CCCCCCCCCCCCCCCCO,165.719,0.138,49.967,-4.711
CCCO,131.047,-0.996,122.449,-2.314
CCCCCCCCCCO,376.634,3.684,36.473,-2.447
CCCCCCCCCCCO,281.150,-2.696,71.724,-3.664
CCCCCCCO,431.145,3.058,79.563,0.186
CCCCCCCCO,72.548,2.232,50.905,-7.405
CCCCCCCCCCCCCCCCCCCCCO,151.626,2.903,21.798,-1.529
CCCCCCCCCCCCCCCCCCCCCO,482.177,2.699,106.403,-2.548
CCCCCCCCCCCCCCCCO,350.127,5.684,132.712,-1.120
CCCO,57.890,0.481,54.230,-4.066
CCCCCCCO,52.212,0.833,36.884,0.145
CCCCCO,216.321,1.973,122.949,-6.797
CCCCCCCCCCCCCCO,285.511,-2.154,47.753,-2.311
CCCCCCCCCCCCCCCCO,155.729,0.633,11.997,-0.366
CCCCCCCCCCCCCCCCCCCCO,219.198,0.098,43.983,-4.415
CCCCCCCCCCCCCCO,216.149,4.580,61.150,-4.145
CCCCCCCO,360.861,-0.025,21.154,0.223
CCCCCCCCCCCCO,389.300,-2.946,54.827,0.616
CCCCO,402.629,0.454,107.263,0.539
CCCCCCO,72.232,-0.221,49.942,-7.287
CCCCCCO,157.969,5.852,31.620,-6.583
CCCCCCCCO,233.837,-1.815,117.648,-6.350
CCO,308.351,3.603,94.043,-7.715
CCCCCCO,236.410,-0.373,113.182,-7.488
CCCCO,321.239,1.720,77.042,0.232
CCCCCCCCCCCCCCCO,379.585,3.232,83.845,-3.810
CCCCCCCCCCCCCCCCCCCCO,328.709,-2.266,51.460,-0.152
CCCCCCCCCO,400.944,-0.862,30.838,-6.388
CCCCCCCCCCCCCCO,388.999,5.008,94.952,-0.560
CCCCCCCCCO,302.963,-1.140,131.236,-2.711
CCCCCCO,358.627,3.670,113.604,-4.552
CCCCCCCCCCCCCO,352.127,5.611,120.829,-2.263
CCCO,162.155,5.083,26.014,-2.520
CCCCO,387.122,-0.139,144.038,-5.651
CCCCCCCCCCCCCCCCCCO,498.392,4.638,19.450,0.393
CCCO,191.933,-1.674,75.002,-1.700
CCCCCCCO,349.274,-2.780,80.258,-7.448
CCCCCCCCCCCCCCCCCCCO,212.469,1.295,102.916,-3.277
CCCCCCCCCCCCCCCCCCCO,84.861,1.090,137.463,-1.944
CCCCCCCCCCO,210.153,-2.277,9.656,-6.406
CCCCCCCCCCCCCCCCCCCCO,51.960,0.552,85.385,-5.985
CCCCCCO,268.945,0.131,128.672,0.196
CCCCCCCCCCCCCCCCCO,318.501,3.477,93.417,-1.879
CCCCCCCCCCCCCCCCCCO,461.224,-2.124,44.994,0.108
CCCCCCCCCCCCCCCCCCCCCO,102.432,-0.100,66.204,-1.344
CCCCCCCCCCCO,247.890,3.812,65.881,-0.931
CCCCCCCCCCCCCCCCCCCO,257.740,-1.655,87.356,0.231
CCCCO,422.469,5.893,5.085,-0.178
CCCCCCO,270.330,5.492,123.049,-1.428
CCCCCCCCCCCCO,349.894,5.599,86.678,-4.078
CCCCCCCCCO,225.751,2.257,60.330,-6.863
CCCO,356.885,3.911,50.834,0.255
CCCCCCCCCCCCCCO,96.957,-0.824,72.922,-3.839
CCCCO,279.442,1.216,5.393,-6.212
CCCCCCCCCCCCCCCCCCCCO,306.872,3.938,92.499,-1.187
CCCCCCO,435.920,0.399,8.291,0.656
CCCO,494.137,-2.965,77.249,-3.991
CCCCCCCO,364.322,5.648,108.864,-2.397
CCCCCCCCO,347.648,5.277,49.796,0.513
CCCCCCCCCCCCCCCCO,175.537,-1.546,100.496,-1.101
CCCCCCCCCCCCCCCCCCCCCO,296.211,1.762,71.935,-2.659
CCCCCCCCCO,93.022,-1.920,75.847,-6.497
CCCCCCCCCCCCO,284.801,4.035,87.269,-3.312
CCCCCCCCCCCCCCCCO,152.876,4.586,13.099,-3.714
CCCCCCCCCCCCCCCCCCCCO,281.408,-0.278,2.979,-2.560
CCCCCCCCCCCCCCO,159.827,-1.625,84.883,-7.389
CCCCCCCCCCO,234.273,4.532,81.070,-2.997
CCCCCO,458.447,5.406,125.718,-4.596
CCCO,91.416,0.098,58.805,-1.926
CCCCCCCCCCCCCCCCCO,385.862,2.801,96.201,-4.399
CCCCCCCCCCO,229.283,0.527,67.879,-1.578
CCCCCCCCCO,291.870,-2.341,60.617,-7.035
CCCCCCCCCCCCCCCCO,138.382,2.714,65.201,-0.797
CCO,399.304,1.377,62.766,-1.008
CCCCCCCO,384.664,1.539,123.916,-0.066
CCCCO,296.506,0.719,21.924,0.847
CCCCCCCCCCCO,67.871,-0.294,43.904,-2.469
CCCCCCCCCCCCO,182.272,1.388,140.576,-1.338
CCCCCCCCCCCCCCCCCCCCCO,222.484,3.323,73.958,-0.669
CCO,238.985,-0.345,132.177,-4.877
CCCCCCCCCCCCO,131.400,-1.755,13.655,-7.634
CCCCCCO,188.271,1.437,86.042,-2.608
CCO,223.257,1.896,35.179,-3.271
CCCCCCCCCCCCCCCCCCCO,396.199,-2.059,82.972,-5.986
CCCCCCCCCCCCCCCCCCCO,53.798,4.695,85.722,-2.939
CCCCCCCCCCCCO,234.535,0.496,83.705,0.316
CCCCCCCCO,109.709,4.366,16.407,-6.986
CCCCCCCCCCCO,129.011,0.166,74.637,-0.151
CCCCCCCO,447.355,4.751,95.983,-5.841
CCCCO,372.495,1.583,36.720,-0.846
CCCCCCCCCCCCCCCCCCCO,148.791,3.966,24.220,-0.599
CCCO,258.262,-1.839,134.386,-5.763
CCCO,240.962,1.435,130.564,-7.522
CCCCCCCCCCCCCCCCCCCO,220.207,3.005,131.388,-2.115
CCCCCCCCCCCCO,188.087,-1.575,100.157,-3.226
CCCCCCCCCCCCCO,419.416,3.820,64.389,-5.820
CCCCCCCCCCCCCO,92.494,5.132,36.430,-7.406
CCCCCCCCCCCCCCCCCCCO,348.199,3.178,6.447,-2.873
CCCCCCCCCCCCCCCCCCO,55.624,2.935,142.452,-0.570
CCCCCCCCCCCCCCCCCCCCO,130.572,-2.018,55.972,-3.392
CCCCCCCCCCCCCCO,132.935,4.641,14.212,0.240
CCCCCCCCCCCCCCCCCO,412.549,0.371,22.649,-6.912
CCCCCCO,84.964,5.431,24.190,-5.980
CCCCCCCCCCCO,416.754,4.708,16.053,0.409
CCCCCCCCO,52.843,3.260,1.877,0.211
CCCCCCCCCCCCCCCCO,362.223,2.529,44.555,-0.358
CCCCCCCCCCCCCO,328.134,-2.026,121.745,-2.457
CCCCCCCCCCCCO,53.672,1.017,28.969,-7.801
CCCCCCCCCCO,260.735,4.933,12.372,-6.065
CCCCCCCCCCCCCCCCCCCCCO,375.715,5.264,118.432,-1.561
CCCCCCCCCCCCCCCCCCCO,212.480,1.700,85.774,-6.219
CCCO,437.343,-1.431,19.282,-1.942
CCCCCCCCCCCCCCCCCO,277.402,-0.932,8.438,-6.479
CCCCCCCCCCCCCCCCCCCO,349.175,0.883,80.825,-5.580
CCCCCCCCCCCCCCCCCCCCCO,291.886,-0.343,35.517,-3.091
CCCCCCCCCCCCO,187.638,-1.393,18.885,-5.140
CCCCCCCCCCCO,319.477,5.183,116.643,-3.196
CCO,193.099,-2.544,59.895,-0.608
CCCCCCCCCCCCCCO,272.318,1.965,113.382,-3.972
CCCCCCCCO,392.878,4.520,26.309,-5.680
CCCCCCCCCCO,53.385,4.310,100.158,-4.522
CCCCCCCCO,277.327,-0.535,84.885,-1.089
CCCCCCCCCCCCCCCCCCCO,116.587,-2.627,76.533,-4.382
CCCO,180.160,-0.891,29.456,-2.973
CCCCCCCCCCCCCCCCCO,66.978,5.766,28.667,-5.108
CCCCCCCCCCCO,490.526,0.852,121.856,-0.428
CCCCCCCO,437.669,-0.506,39.963,-3.052
CCCCCCCCCCCCCCCCCCCCO,218.544,-2.036,103.475,-4.176
CCCCCCCCCCCCCCCO,253.036,1.312,14.741,-3.347
CCCCCCCCCCCCCCCCO,329.392,1.204,15.378,-4.390
CCCCCCCCCCCCCCO,389.134,-1.277,102.003,-2.839
CCCCCCCCCCCCCO,487.084,0.382,75.915,-6.984
CCO,156.815,0.468,92.020,-5.600
CCCCCCCO,227.288,-2.118,7.706,-0.351
CCCCCCCO,128.316,4.689,84.637,-5.892
CCO,238.227,-1.588,126.174,-6.799
CCCCCCCCCCCCO,296.633,-1.893,98.514,-6.182
CCCCCCCCCCCCCCCCCCCCCO,365.085,-2.647,124.594,-6.283
CCCCCCCCCCCCO,346.149,-1.286,143.337,0.020
CCCCCO,196.815,2.114,105.647,-6.393
CCCCCCCCCCCCCCCCCCO,186.468,1.853,60.641,-5.147
CCCCCCO,166.619,-0.591,66.207,0.437
CCCCCCCCO,222.655,-2.159,66.348,-6.904
CCCCCCCO,165.683,-0.214,61.549,-5.351
CCCCCCCCCCCO,139.721,2.853,19.539,-0.308
CCCCCCCCCCCCCCCCCCCCCO,388.945,1.855,96.521,-0.592
CCCCCCCCCCCCCCCO,147.550,3.804,80.215,-2.023
CCCCCCCCCO,109.392,5.002,84.623,-7.387
CCCCCCCCCCCCO,73.450,3.824,141.521,-0.253
CCCO,484.736,4.935,90.613,-5.788
CCCCCCCCCCCCCO,436.394,-2.163,100.473,-6.276
CCCCCCCCCCCCCCCCCCCCCO,69.515,2.510,91.979,-2.353
CCO,355.703,1.447,94.090,-3.129
CCCCCCCCCO,284.915,5.341,99.250,-0.657
CCCCCCCCCCCCCCCO,129.479,5.145,77.305,-4.522
CCCCCCCCCCCCCO,63.843,1.136,57.930,-3.510
CCCCCCCCCCCCCO,375.742,-1.527,9.150,-1.676
CCCCCCCCCCCCO,166.651,-2.568,57.607,-3.724
CCCCCCCCCCCCCCO,422.228,2.488,70.118,-5.963
CCCO,425.968,4.614,61.676,-1.253
CCO,139.129,2.098,59.478,0.501
CCCCCCCCCCCCCCCCCCO,231.024,5.023,118.900,-1.804
CCCCCCCCCCCCCCO,202.613,-2.078,58.356,-5.149
CCCCCCCCCCCCCCCCCCCCCO,84.491,0.151,142.278,-4.832
CCCO,340.641,2.327,45.862,-5.361
CCCCCCCCCCCCCCCCCCO,496.668,3.747,118.779,-3.372
CCCCCCO,345.984,3.213,85.536,-4.078
CCCCCCCCCO,482.324,-2.136,65.443,-3.056
CCCCCCCCCCCCCCCCCCO,380.763,5.529,125.627,-6.327
CCCCCCCCCCCCCCCCCCCCCO,307.677,-1.271,147.342,-1.626
CCCCCCCCCCCO,192.573,5.531,17.747,-6.933
CCCO,404.872,0.456,83.943,-7.503
CCCCCCCCCCCCCCCCO,452.691,-2.476,49.159,-4.062
CCCCCCCCCCCO,256.193,-1.860,79.721,-6.980
CCCCCCCCCCCCCCCCCCCCO,105.040,2.821,125.584,-4.126
CCCCO,240.303,2.036,87.913,-1.691
CCCCCCCCCCCCCCCCCO,274.676,2.841,124.859,-3.430
CCCCCCCCCCCCCCCO,467.263,3.764,70.085,-6.120
CCCCCCCCCCCCCCCCCCCO,136.596,-2.441,41.557,-7.876
CCCCCCCCCCCCCCCCO,495.645,5.671,26.319,-5.396
CCCCCCCCCCCCCCCCCCCO,186.216,-2.235,123.315,-3.224
CCCCCCCO,126.723,-1.486,31.984,-4.204
CCCCCCCCCCO,202.676,2.940,126.181,-5.912
CCCCCCCCCCCCCCCO,197.732,3.866,139.472,-1.031
CCCCCCCCCO,126.796,-0.368,16.807,-2.375
CCO,241.924,-2.960,5.064,-1.829
CCCCCCCCCCCCCCCCCCCCCO,58.527,1.836,108.742,-4.189
CCCCCCO,482.469,0.608,33.827,-1.930
CCCCCCCCCCCCCCCCCO,425.730,5.799,83.762,-5.486
CCCCCCCCCCCCCCCCCCO,386.759,-2.788,94.927,-1.143
CCCCCCCCCCCO,74.722,0.333,17.193,-3.463
CCCCCCCCCCO,480.285,-2.691,82.812,-5.542
CCCCCCCCCCCCCO,160.319,-0.475,117.692,-5.621
CCCCO,153.211,0.426,24.322,-2.474
CCCCCCCCCCCCCCCCO,245.507,1.109,77.005,-7.263
CCCCCCCCCCCCCCCCCCO,227.541,-1.302,133.098,-6.801
CCCCCCO,255.567,0.161,127.329,0.103
CCCCCO,164.058,5.695,47.952,-5.212
CCCCCCCCCCO,245.559,-0.611,51.122,-1.537
CCCCO,366.974,-2.888,139.997,-1.716
CCCCCCO,499.261,4.451,124.903,-4.657
CCCCCCCCCCCCCCCCCCCCCO,223.299,-2.956,81.763,-1.491
CCCCCCCCCO,350.741,5.629,143.388,-0.349
CCCCCCCCO,378.568,5.622,6.364,-0.069
CCCCCCCCCCCCO,114.849,3.069,69.938,-0.521
CCCCCCCCCCCCCCCCCCCCCO,147.430,-2.455,92.993,-7.691
CCCCCO,66.239,0.181,56.479,-2.625
CCCCCCCCCCCCO,488.495,-0.381,89.107,-5.222
CCCCCCCCCCCCCCCCCCCCO,446.772,-0.945,17.908,0.534
CCCCCCO,212.010,-0.444,146.858,-3.258
CCCCCCCCCCCCCO,455.792,1.715,13.551,-4.093
CCCCCCCCCCCCO,422.202,0.210,36.111,-5.254
CCCCCCCCCCCO,223.817,1.908,25.028,-3.169
CCCCCCCCCCCCCCCCCCCCCO,118.294,-0.998,45.375,-4.203
CCCCCCCCCCO,276.710,4.840,121.507,-2.023
CCCCCCCCCCCCCO,468.173,0.983,8.467,-2.957
CCO,309.729,-1.886,92.433,-6.369
CCCCO,100.738,0.266,54.970,0.584
CCCCCCO,174.867,3.956,15.356,-6.840
CCCCCCCCCCCCCCCCCO,438.257,-0.018,34.822,-7.660
CCCCCO,132.723,1.094,76.271,-4.344
CCCCCCCCCCCCCCCCCCCCO,379.251,-2.349,1.678,-2.648
CCCCCCCCCO,326.305,5.652,34.636,-1.540
CCCCCCCCCCCCCCCCCCCO,311.256,-1.810,127.120,-6.659
CCCCCCCCCCCCCO,352.938,4.592,8.396,-7.736
CCCCCCCCCCCCCCCCCO,253.385,-2.685,105.723,-0.834
CCCCCCCCCCCCCCO,475.099,-0.607,9.071,1.000
CCCO,132.934,2.522,42.312,-6.931
CCCCCCCCCCCCCCCCCCCCO,187.216,-2.679,16.071,-6.663
CCCCCCCCCCO,450.885,-1.963,117.229,-7.243
CCCCCCCCCCCCO,109.691,-0.925,50.443,-4.037
CCCCCCCCCCCCCO,304.858,5.642,100.402,-2.885
CCCCO,379.531,2.139,126.201,-7.870
CCCCCCCCCCCCCCCCCCCO,345.063,0.328,89.283,-2.971
CCCCCCCO,331.286,5.877,82.691,0.129
CCCCCCCCCCCCCCCCCCCCO,404.174,4.702,54.805,-1.127
CCCCCCCCCCCCCCCO,274.784,1.249,51.690,-4.325
CCCCO,94.428,4.396,121.094,-6.143
CCCCCCCCCCCCCCCCCCCCCO,453.756,3.392,88.959,-4.831
CCCCCCCCCCCCCCCCCCCCCO,405.587,0.391,7.733,-7.540
CCCCCCCCCCCCCCCCCCCCO,387.708,-0.501,131.388,-2.784
CCCCO,96.536,4.663,52.200,-3.799
CCCCCCCO,238.721,3.349,134.326,0.421
CCO,275.122,5.503,23.877,-6.218
CCCCCCCO,350.185,5.712,110.968,0.224
CCCCCCCCCCCCCCCCCCCCCO,61.836,-1.283,128.063,-7.452
CCCCCCCCCCCCCCO,470.203,4.417,149.736,-1.292
CCCCCCCCCO,253.366,-2.374,31.182,-7.724
CCCCCCCCCCCCCCCO,333.022,1.400,49.679,-1.928
CCCCCCCCCCCCCCCO,91.767,3.253,54.292,0.302
CCCCCCCCCCCCCCCCO,288.331,2.019,1.135,-5.489
CCCCCCCCCCCCCO,495.834,-1.311,36.892,-5.079
CCCCCCCCCCCCCCCCCCCCCO,419.090,1.165,106.950,-1.306
CCCCCO,440.858,1.968,5.340,-2.258
CCCCCCCCCCCCO,84.804,-0.726,100.593,-5.808
CCCCCCCCCCCO,92.336,-0.200,142.307,-0.740
CCCCCCCCCCCCCO,282.885,4.035,10.839,-3.697
CCCCCCCCCO,307.538,1.800,29.780,0.700
CCCCCCCCCCCCO,493.025,-2.175,58.461,-3.413
CCCCCCCCCCCCCCO,350.155,0.078,65.698,-3.369
CCCCCCCCO,113.027,1.847,44.709,-0.247
CCCCCO,378.292,5.757,147.740,-1.532
CCCCCCCO,347.105,-2.236,145.697,0.299
CCCO,226.704,5.750,110.573,-6.766
CCCCCCCCCCCCCCCCCCO,81.007,0.542,28.983,-4.470
CCCCCCCCCCCCCO,363.026,0.728,138.596,-2.660
CCCCCCCCCCO,155.064,3.667,56.233,-2.495
CCO,402.386,3.785,43.913,-3.490
CCCCCCCCCCO,426.100,-1.687,131.483,-3.809
CCCCCCCCCCO,101.682,3.065,7.712,-2.150
CCCCCCCCCCCCCCCCCO,110.866,1.159,58.415,0.349
CCCO,236.801,-2.526,146.848,0.475
CCCO,119.906,5.145,97.306,-6.127
CCCCCCCO,482.225,-1.862,56.380,-7.845
CCCCCCCCCCCCCCO,325.619,0.247,128.475,-5.101
CCCCCCCCCCCCCCCCCCCO,359.982,2.681,48.568,-3.921
CCCCCCCO,91.814,-2.866,4.004,-1.814
CCCCCO,134.772,2.598,61.748,-0.515
CCCCCO,168.055,0.927,118.397,-3.868
CCCO,298.519,3.300,122.780,-4.216
CCCCCCCCCCCCO,205.386,4.886,87.841,-7.445
CCCCCCCCCCCCCCCCCCCCCO,460.881,-0.577,128.135,-7.882
CCCCCCCCCCCCCCCCO,440.077,2.507,122.619,-4.297
CCCCCO,298.091,-2.706,25.257,0.573
CCCCCCCCCCCCCCCCO,79.257,4.669,1.290,-6.732
CCO,289.299,1.592,96.560,-2.671
CCCCCCCCCO,486.152,3.333,106.656,-3.616
CCCCCCCCCCCCO,123.788,2.922,129.659,-7.244
CCCCCCCCO,124.347,-0.290,11.809,-6.125
CCCCO,252.418,5.805,147.225,0.693
CCCCCCCCCO,113.436,2.263,35.853,-7.328
CCCCCCCCCCCCCCCCCCO,290.027,3.929,116.152,-1.897
CCCCCCCCCCO,498.654,2.010,87.869,-3.704
CCCCCCCCCCCCCCCO,136.407,4.074,52.914,-4.984
CCCCCCCCCCCCCCCCCCO,276.738,3.713,113.050,-2.039
CCCCCCCCCCO,124.099,2.204,128.207,0.176
CCCCCCCCCCCCCCCCCO,279.283,1.537,91.931,-6.999
CCCCO,441.539,-2.427,92.225,-4.211
CCCCCCCCCCCCCCO,217.522,2.187,105.750,0.992
CCCCCCCCCCCCCCCCCCCO,499.747,3.703,75.607,-5.976
CCCCCCCCCCO,384.120,0.026,46.773,-7.623
CCCCCO,246.993,3.527,113.817,0.840
CCCCCCCCCCCCCO,173.942,5.947,57.290,-6.905
CCCCCCCCCCCCCCCCCCO,381.970,1.036,119.587,-0.260
CCCCCCCCCCCCCCCCCO,204.131,-1.882,147.032,-1.052
CCCCCCCCCCCCCCCCCCCO,159.644,-0.817,142.826,-7.601
CCCO,57.010,0.857,49.743,-3.012
CCCCCCCCCO,423.555,-1.685,138.373,-1.253
CCCCO,334.498,-1.304,5.233,-0.550
CCCCCCCCCCCCCO,246.154,3.118,39.515,-6.551
CCCCCCCCCCCCCCO,390.188,1.742,26.231,-0.557
CCCCCCO,326.716,5.317,91.582,-5.464
CCCCCCCCCCCCO,122.422,5.584,47.920,-3.115
CCCCCCCCCCCCCCCCCCCCCO,176.843,4.618,29.276,0.072
CCCCCCCCCCCO,64.397,-1.829,138.713,-7.531
CCCCCCCCCCCCCCCCO,437.691,0.852,140.419,0.957
CCCCCCCCCCCCCO,380.658,3.641,107.673,-4.657
CCCO,496.167,-0.254,23.337,0.537
CCCCCCCCCCCCCCCCCCCCCO,266.234,-2.533,138.570,-2.314
CCCCCCCCCCCCCCCO,325.933,-2.211,1.233,-1.089
CCO,63.071,-1.064,30.559,-3.945
CCCO,149.720,-0.316,83.810,-6.391
CCCCCCCCCCCCCCCCCCCCO,422.863,0.342,32.231,-6.781
CCCCCO,191.385,1.906,94.051,0.302
CCCCCCCCCCCCCCCCCO,60.409,1.306,1.958,-5.122
CCCCCCCCCCCCCO,205.597,5.840,21.476,-6.882
CCCCCCCCCCCCCCCCO,494.106,2.918,131.632,-0.569
CCCCCCCO,341.064,0.465,146.790,-4.004
CCCCCCCCCCCCCCCCCCCCCO,110.653,4.119,45.586,-3.716
CCCO,305.721,4.213,74.564,-4.294
CCCCCCCCCO,102.426,0.497,144.876,-3.283
CCCCCCCCCCCCCCCCCCCCO,448.852,5.545,123.977,-5.830
CCCCCCCCCCCCCCO,175.248,0.275,143.818,-6.081
CCCCCCCCCCCCCCCO,146.121,1.073,115.347,-0.089
CCCCCCCCCCCCCCCCCCCO,331.028,2.794,140.543,-0.331
CCCCCCCCCCCCCCO,92.965,-2.567,140.495,-3.591
CCCCCO,365.078,-0.746,9.029,-3.207
CCCCO,132.453,0.036,69.886,-3.187
CCCCCCCCCCCCCCCCCO,380.527,-0.686,103.272,-0.002
CCCCCCCCCCCCCCCCCO,127.505,-0.282,4.363,-5.811
CCCCCCCCCCCCCCO,84.716,-0.342,121.764,-7.111
CCCCCCCCCO,128.083,3.179,16.056,-7.104
CCCCCCCCCCCCCCCCCCO,295.661,1.019,65.157,-3.268
CCCCCO,260.498,1.252,57.198,-3.744
CCCCCCCCCCCCCCO,93.842,0.004,93.817,-7.906
CCCCCCCO,417.470,1.431,130.495,-7.231
CCCCCCCCCCCCCCO,358.539,2.383,5.951,0.993
CCO,276.810,-2.992,112.239,-0.277
CCCCCCCO,253.606,3.426,11.608,-1.466
CCCCCCCCO,242.170,1.429,64.439,-4.476
CCO,306.532,3.504,96.160,-7.081
CCCCCCCCCCCCCCO,295.600,-1.606,140.254,-6.064
CCCCCCO,204.592,3.546,95.793,-7.072
CCCCCCCCCCCCCCCCCCCCCO,367.527,4.263,2.901,-5.199
CCCCCCCCCCCCCCCCCCCO,93.921,1.436,23.565,-0.250
CCCCCCCCCCCCCO,182.597,-0.721,78.602,0.597
CCCCCCCCCCCCCCCCCCCCCO,328.761,5.469,90.565,-5.730
CCCCCCCCO,69.921,3.186,78.122,-2.327
CCCCCCCCCCCCCCCCCCCCO,458.678,3.858,94.744,-1.523
CCCCCCCCCCCCCCCCO,381.553,2.009,17.283,-2.972
CCCCCCCCCO,129.947,0.796,115.017,-7.640
CCO,437.375,3.796,25.543,-4.684
CCCCCCCCCO,434.649,2.949,135.345,0.100
CCCCCCCCCCCCCCCO,432.773,2.906,48.963,-6.072
CCCCCCCCCO,266.513,-0.572,96.368,-3.452
CCCCCCCCCCCCCCCCCCCCO,469.970,5.161,135.501,-5.986
CCCCCCCO,369.154,5.840,37.413,-6.751
CCCCCCCO,59.249,4.759,110.710,-7.692
CCCCCCCCCCCCCCCCCCCO,421.721,2.510,112.953,-1.468
CCCCCCCCCCCCCCCCCO,168.083,-0.518,57.183,-6.928
CCCCO,189.811,2.679,127.950,0.499
CCCCCCCCCO,287.230,-1.617,103.939,-0.311
CCCCCCCCCCCO,142.852,5.311,52.452,-5.577
CCCCCCCCCO,211.074,-1.566,111.356,0.782
CCCCCO,379.204,5.835,45.520,-0.672
CCCCO,68.559,-0.009,131.425,-4.604
CCCCCCCCCCCCCO,444.434,3.162,11.508,-3.869
CCCCCCCCCCCCO,357.192,-0.009,116.881,-7.828
CCCCCCCCCCCCCCCCCCO,88.753,-1.511,138.867,-7.762
CCCCCCCCO,388.145,5.847,102.496,-1.447
CCCCCCCCCCCO,337.795,5.708,56.348,0.084
CCCCCCCCCCCCCCCCCCO,54.022,2.510,10.024,-6.562
CCCCCCCCO,398.838,3.522,120.537,-5.640
CCCCCCCCCCCCCCO,372.940,-2.560,68.282,-1.210
CCCCCO,257.542,-1.601,56.553,-5.176
CCCCCCCCCO,273.130,0.590,143.487,-7.961
CCCCCCCCCCCCCCCCO,208.295,4.470,134.591,-4.964
CCCCCCCCCCCCCCCCO,226.658,2.475,86.990,-3.718
CCCCCCCCCCCO,77.037,1.164,14.029,0.333
CCCCCCCO,252.932,-0.594,81.243,-1.474
CCO,134.716,2.384,2.052,-2.286
CCCCCCCCCCO,408.699,-0.663,136.282,-1.213
CCCO,306.388,5.790,5.757,-6.234
CCCCCCCCCCCCCCCCCO,463.632,3.861,59.202,-5.309
CCCCCCCCCCCCCCCCCCCCCO,280.396,3.390,39.542,-6.552
CCCCCCCCCCCCCCO,274.917,4.985,128.710,-2.988
CCCCCCCCCO,232.959,1.023,107.318,-4.515
CCO,360.657,4.678,29.563,-1.719
CCCCCCCCCCCCCCCCCO,420.438,-2.511,26.792,-7.615
CCCCCCCCCCCCCCCCCCO,165.022,-1.281,61.173,0.674
CCCCO,308.207,-0.699,142.934,-6.692
CCO,373.060,4.325,8.864,-3.012
CCCCCCCO,197.474,4.828,103.168,0.584
CCO,51.251,5.672,49.956,-3.446
CCO,146.849,-2.282,110.883,-3.824
CCCCCCCO,171.410,1.671,124.170,-0.865
CCCCCCCCCCCO,312.398,2.259,27.184,-7.116
CCCCCCCCCCCCCCCCCCCCO,180.999,5.600,45.499,-2.914
CCCCCO,55.535,4.392,140.901,-1.170
CCCCCCCCCCCCCCCCCCCO,461.515,4.795,47.636,-0.906
CCCCCCCCCCCCCCCCCO,375.916,5.662,55.734,-3.809
CCCCCCCCCCCCCCCCCO,379.788,-2.818,71.773,-7.905
CCCCCCCCCCCCCCCCCCCO,106.501,0.551,34.726,-5.302
CCCCCCCCCCCCCO,96.196,-2.132,42.111,-0.089
CCCCCCCCCO,292.556,2.455,71.624,-4.293
CCO,55.499,2.629,44.735,-7.535
CCCCCCCCCCCCCCCCO,193.244,2.665,25.284,-4.736
CCCCO,115.195,3.278,59.284,-3.122
CCCCCCCCCCCO,390.130,3.887,55.052,-3.608
CCCCCCCCCCCCCCCCCCCCCO,144.284,-1.063,112.865,0.321
CCO,335.758,-2.808,68.129,-0.559
CCCCO,133.550,1.746,83.422,0.149
CCCCCCCO,381.372,0.750,69.316,0.533
CCCCCCCCCCCCCCCCCO,397.049,0.284,109.869,-2.746
CCCCCCO,319.277,0.506,28.321,-0.876
CCCCCCCCCCCCCCCCCCO,400.770,5.689,14.952,-5.222
CCCCCCCCO,310.936,5.276,22.794,-7.518
CCCCCCCO,138.384,1.419,141.278,-6.225
CCCCCCCCCCCCCCO,333.191,1.300,131.465,-0.594
CCCCCCCCCCCCCCCO,149.598,-1.250,93.823,-7.859
CCCCCCO,407.962,2.429,32.349,0.496
CCCCCCCCCCCCCCO,105.594,-2.371,52.035,-6.210
CCCCCCCCCCCCCCCO,189.401,5.305,115.779,-2.303
CCCCCCCCCO,219.695,-2.693,112.443,-6.268
CCCCCCCCCCCCCCO,194.855,0.688,67.811,-4.474
CCCCCCO,363.040,0.143,101.782,0.866
CCCCCCCCCCCCCCCCCCCCO,395.983,1.503,5.163,-1.180
CCCCCCCCCCCCO,74.129,-1.085,91.935,-4.777
CCCCCCCCCCCCCCCCCCCO,392.681,3.544,125.755,-3.509
CCCCCCCO,240.371,4.863,55.697,-0.117
CCCCCCCO,418.772,2.519,118.841,-1.683
CCCCCCCCCCCCCCCCO,357.798,-1.271,48.140,-0.404
CCO,242.822,5.082,65.847,-4.218
CCCCO,300.482,1.074,95.775,-0.984
CCO,289.701,2.156,33.619,-7.714
CCCCCCCCCCCCCCCCCO,351.460,-1.157,124.741,-7.743
CCCCCCCCCCCO,331.300,3.314,20.008,-3.950
CCCCCCCCCCCCO,424.099,3.767,107.487,-3.427
CCCCO,258.738,-1.566,86.830,-6.112
CCCCCCCCCCCO,389.551,2.900,70.470,-1.878
CCCCCO,298.179,5.564,133.578,-6.549
CCCCCCCCCCCCCCCCCCO,387.189,-1.502,64.347,-1.776
CCCCCCCCCCCCCCO,229.157,5.184,61.805,-2.941
CCCCCCCCCCCCCCCCCCCO,198.589,5.337,116.722,-5.411
CCCCO,335.217,-2.322,35.898,-2.164
CCO,109.379,0.560,145.398,-2.296
CCCCCO,321.163,-1.814,59.227,-0.126
CCCCCCCCCO,121.567,-0.893,87.648,-2.549
CCCCCCCCCCO,285.645,0.762,69.078,-2.930
CCCCCCCCCCCO,109.464,2.930,129.591,-6.838
CCCO,108.826,1.790,87.616,-3.334
CCCCCCCCCCCCCCCCCCCO,296.954,3.463,52.010,-3.672
CCCCCCCCCCCCCCCCCCCCCO,133.896,-0.914,97.432,-1.193
CCCCCCCO,368.045,5.999,25.861,-0.775
CCCCCCCCCCCCCCCCCO,348.467,3.639,18.806,-7.579
CCCCCCCCCCCCO,414.061,0.639,107.713,-0.310
CCCCCCCO,102.692,-2.217,42.933,-7.547
CCCCCCCCCCCO,414.736,5.893,55.658,0.405
CCCCCCCCCO,145.307,5.197,24.321,-5.490
CCCCCCCCCCCCO,213.062,-2.667,31.975,-6.440
CCCCCCCCCCCCCCCCO,144.394,-2.889,59.475,0.591
CCCCCCCCCCCCCO,449.058,4.552,90.310,-2.170
CCCCO,414.942,4.645,8.747,-4.360
CCCCCCCCCCCCCO,408.634,0.609,45.694,-6.242
CCCCCCCCCCCCCCCCCCCCCO,90.426,-0.265,63.699,-0.599
CCO,231.658,1.907,125.004,-0.916
CCO,319.271,3.708,137.547,-1.842
CCCCCCO,478.484,2.385,49.695,-5.846
CCCCCCCCCCO,199.067,0.467,2.609,-3.788
CCCCCCCCCCCCCCCO,57.111,4.508,140.373,-5.765
CCCCCCCCCCCCCCO,463.538,5.977,66.726,-1.002
CCCCCCCCO,135.928,4.465,84.396,0.371
CCCCCCCCCCCCCO,432.570,0.307,108.214,-6.018
CCCCCO,107.409,5.371,41.523,0.836
CCCCCCCCCCCCO,241.031,0.712,99.069,-7.326
CCCCCCCCCO,333.624,2.698,130.396,-2.606
CCCCCCCCCCCCO,470.360,5.497,138.443,-2.833
CCCCCCCCCCCO,218.412,-1.225,146.427,-5.095
CCCCCCCCCCCCCCCCCCCO,296.808,-0.588,61.030,-4.607
CCCCCCCCCCCCCCCCO,377.481,4.343,32.472,-3.689
CCO,422.694,-0.302,76.607,-7.361
CCCCCCCCCCCCCCCCCCCO,311.790,-0.097,131.526,-3.718
CCCCCCCCCCCCCCCCCCCCO,115.721,-0.687,36.969,-1.601
CCCCCCCCCCCCCO,326.786,1.821,7.502,-3.832
CCCCCCCCCCCCCO,340.343,-2.953,71.418,-1.165
CCO,64.624,0.519,103.874,-4.079
CCCCCO,142.224,3.163,107.862,-4.653
CCCCCCCCCCCCCCCCO,222.937,-2.434,27.361,-1.813
CCCCCCCCO,486.212,-2.103,63.702,-4.748
CCCCCCCO,223.318,3.252,53.317,-2.617
CCCCCCO,291.731,-1.567,119.787,-5.897
CCCCCCCCCCCCCCCCCCCO,161.314,4.177,129.533,-7.356
CCCCO,141.079,0.933,114.276,-0.252
CCCCCCCCCCCCO,149.032,-2.325,148.516,-5.126
CCCCCCCCCCCCCCCCCO,156.083,0.185,123.592,-2.845
CCCCCCCCO,415.147,-1.495,67.937,-1.044
CCCCCO,490.289,-2.746,38.064,-5.253
CCCCCO,373.593,-0.443,135.784,-1.448
CCO,236.933,-2.334,50.978,-3.933
CCCCCCCCCCCCCCCCCCCO,338.214,0.892,56.939,0.556
CCCCO,308.597,0.593,137.185,-7.100
CCCCCCCCCCCCCO,430.151,3.904,52.967,-4.434
CCCCCCCCCCCCCCCCCO,463.292,-1.147,32.312,-0.818
CCCCCCCCO,102.147,4.402,86.033,-0.376
CCCCCCCO,269.147,0.094,131.796,-7.195
CCCCCCCCO,399.720,5.665,115.086,-6.732
CCCCCCCCCCO,486.146,-0.854,85.400,-5.309
CCCCCCCCCCCCCCCCCCO,237.361,4.614,83.320,-6.604
CCCCCCCCCCCCCCCCO,277.466,2.771,31.123,-0.178
CCCCCCCCCCCCO,107.750,1.888,59.286,-1.532
CCCCCCCCCCCO,66.660,3.404,5.153,0.529
CCCCCCCCCCCCCO,433.001,1.514,86.726,-1.833
CCCCCCCCCCCCCCCCCCO,183.176,0.594,101.590,-5.026
CCCCCCCCCCCCCCCCCO,85.957,5.465,117.461,-5.157
CCCCCCCCCCCCCO,74.606,2.734,48.297,-6.057
CCCCCCCCCCCCCCCO,458.988,4.835,51.102,-5.976
CCCCCCCCCCO,232.011,-0.293,60.825,-3.611
CCCCCCCCCCCCCCCCCCCCCO,259.756,-0.625,69.953,-3.906
CCCCCCCCCCCCCCCCCCO,241.707,4.156,32.698,-4.705
CCCCCCCCCCCCCCCO,126.532,-1.431,84.953,-3.886
CCCCCCCCCCCCCO,330.273,-2.793,32.274,-1.274
CCCCCCCCCCCCCO,377.157,2.857,67.303,-5.072
CCCCCO,90.972,5.308,34.292,-7.184
CCCCCCO,159.481,-0.890,36.777,-4.483
CCCO,56.490,3.869,42.006,-6.953
CCCCCCCCCCCCCCCO,175.929,4.544,137.009,-3.608
CCCCCCCCCCCCCCCCCCCO,490.017,-0.621,64.274,-4.555
CCCCCCCCCCCCCCCCCCCCO,388.010,2.853,55.310,-2.939
CCCCCCCCCCCCCCCCO,176.862,5.032,139.413,-6.182
CCCCCCCCCCCCCCO,422.512,4.540,25.558,-3.993
CCCCCCCCCCO,295.569,-1.849,111.605,-6.564
CCO,105.890,4.880,19.718,-3.442
CCCCCCCCCCCCCCO,390.921,-1.834,70.863,-7.136
CCCCCCCCCCCCCCO,115.846,-2.224,134.132,0.009
CCCCO,279.176,-0.331,86.251,-1.428
CCCCCCCCCCCCO,488.151,3.174,15.084,-4.012
CCCCCCCCCCCCCCCCCCO,394.894,2.858,136.944,-6.261
CCCCCCCCCCCCCO,472.231,0.955,145.705,-7.845
CCO,405.332,5.351,124.670,-7.060
CCO,237.543,2.878,25.871,-3.137
CCCCCCCCCCCCCCCCCCCCCO,167.757,5.244,122.930,-7.793
CCCCCCCCO,134.614,3.570,107.184,-2.275
CCCO,348.152,2.945,46.305,-2.628
CCCCCCCCO,50.052,5.191,25.740,-2.860
CCCCCCO,471.905,1.602,149.697,-7.716
CCCCCCO,274.321,-0.705,84.226,0.835
CCCCCCCCCCCCCO,314.318,2.465,99.604,-4.252
CCCCCCCCCCCCCO,259.675,1.448,28.146,-6.275
CCCCCCCCCCCCO,259.762,3.878,103.760,-0.115
CCCCCCCCCCO,356.289,-0.813,107.766,-6.848
CCCCCCCO,316.130,-2.644,85.481,-5.184
CCCCCCCCCCCCCCCCCO,383.378,5.255,136.358,-3.031
CCCCCCCCCCO,288.131,5.804,143.080,-3.301
CCCCCCCCCO,204.489,-0.223,85.636,-2.813
CCCCCCCCCCO,159.364,2.534,98.308,-6.510
CCCCCCCCCCCCCO,497.827,3.043,23.901,-0.130
CCCCO,470.340,1.292,139.148,-5.140
CCCCCCCCCCCCCCCCCCCO,282.994,-1.002,136.795,0.244
CCCCCCCCCCCCCO,204.280,1.648,81.804,0.089
CCCCCCCO,335.887,3.848,88.000,-6.142
CCCO,305.507,0.732,145.577,-4.307
CCO,192.070,-1.388,34.707,-4.234
CCCCCCCCCCCCCCCCCO,127.927,-1.936,123.544,-7.117
CCCCCCCCCCCCCCCCCCCCCO,259.713,4.901,81.851,-6.741
CCO,491.481,4.243,127.705,-6.285
CCCCCCCCCCCCCCCCO,455.749,3.940,117.910,-2.590
CCCCCCCCCCCCCCCCO,334.225,2.153,15.336,-4.936
CCCCCCCCCCCCCCCCO,304.900,4.889,42.056,-5.016
CCCCCCCCCCCO,111.621,2.859,2.992,-6.377
CCCCCCCCCCCCCCCCCCCCCO,222.128,-1.876,37.131,-6.463
CCCCCCCCCCCO,205.702,1.759,59.710,-6.963
CCCCCCCCCCCCCCCCCCCCCO,221.159,-0.945,15.277,-1.810
CCCCCCCCCCCCCCO,85.212,2.131,53.141,-6.954
CCCCCCCCCCCCCCCCCCCCCO,387.712,-1.048,69.849,-6.018
CCCCCCCO,257.558,1.357,58.727,-7.830
CCCCCO,496.746,-2.546,149.846,-5.160
CCCCCO,237.942,-1.751,95.643,-5.546
CCCCCCCCCCCCCO,362.321,1.861,74.412,-6.769
CCCCCCCCCCCO,479.060,5.997,129.258,-7.744
CCCCCCCCCCCCCCCCCCCCCO,404.307,-0.908,7.493,-2.056
CCCCCCCCCCCO,131.181,1.362,82.420,-6.275
CCCCCCCO,449.871,-2.951,19.839,0.076
CCCCCCO,385.165,-1.237,126.207,-0.584
CCCCCCCCCO,290.346,5.171,37.499,-1.321
CCCCCCCCCCCO,459.254,2.544,63.569,-0.417
CCCCCCCCCCCCCCCCCCCCO,117.203,2.279,101.529,-2.735
CCCCCCO,465.327,-1.420,57.586,-6.601
CCCCCO,306.001,-1.849,28.885,-0.042
CCCCCCCCCCCCCCCCCO,154.036,-2.407,48.558,-7.465
CCCCCCO,250.704,1.545,126.947,-3.183
CCCCCCCCCCCCCCO,100.171,4.162,145.578,-7.721
CCCCCCCCO,325.251,-0.766,93.651,-5.490
CCCO,266.523,5.702,12.106,-1.177
CCCCCCO,439.300,-1.091,93.050,-7.990
CCO,156.777,3.457,30.663,-3.752
CCCCCCCCCCO,339.919,1.517,28.732,-4.647
CCCCCCCCCCCCCCCCCCCCCO,495.594,4.256,56.339,-7.350
CCCCCCCCCCCCCCCCCCCO,381.656,-0.340,44.872,0.738
CCCCCCCCCCCCCCCCCO,105.719,2.846,98.650,-2.450
CCCCCCCO,324.704,5.682,57.750,-2.800
CCCCCCCO,335.688,1.864,23.059,-2.313
CCCCCCCCCCCCCCCCCO,322.140,5.728,108.282,-6.776
CCCCCCCCCCCCCO,494.243,1.024,36.838,-2.552
CCCCCCCO,251.972,2.813,29.172,-4.447
CCCCO,136.533,4.943,64.441,-4.055
CCCCO,71.926,4.833,134.338,-6.715
CCCCCCCCO,321.614,1.744,48.049,0.242
CCCCCCCCCCCCCCCCCCCCO,222.930,3.189,63.048,-7.705
CCCCCCCCCCCCO,162.990,1.466,12.980,-0.605
CCCCCCCCCCCCCCCCCCCCO,113.710,-2.247,27.394,-3.579
CCCCCCCCCCCCCCCO,381.157,1.001,18.188,-1.413
CCCCCCCCCCO,141.105,-1.492,33.465,-0.264
CCCCCCCCCCCCCCO,391.331,-2.114,70.507,-0.006
CCCCCCCCCCCCO,405.789,3.483,128.996,0.174
CCCCCCCCCO,74.634,-0.610,8.597,-6.082
CCCCCCCCO,296.548,3.578,144.689,-7.408
CCCCO,330.159,1.774,146.223,-7.767
CCCCCCO,252.595,-2.556,131.207,-2.125
CCCCCCCCCO,150.688,1.926,67.860,-4.180
CCCCCCO,214.987,1.719,53.335,0.724
CCCCCCCCCCCCCO,385.999,-1.015,85.692,0.762
CCCCCCCCCCCCCCCCCO,176.319,5.354,55.326,-5.374
CCCCCO,53.036,2.245,81.547,0.985
CCCCCCCCCCCCCCO,317.536,4.743,94.152,-6.999
CCCCCCCO,175.192,5.652,6.775,-0.762
CCCCCCCCO,222.952,4.704,135.381,-7.330
CCCCCCCCCCCCCCCCO,434.210,-2.566,102.462,0.735
CCCCCCO,254.036,-1.450,129.736,0.574
CCCCCCCO,305.279,-0.173,86.314,-2.523
CCCCCCCCCCCCCO,163.612,5.994,26.369,-7.512
CCCCCCCCCO,71.124,-1.730,0.887,-2.036
CCCCCCCCCCCCCCCCO,64.262,-2.885,26.965,-7.644
CCCO,201.219,4.487,91.042,-0.953
CCCCCCCCCCCCCCCCCO,299.951,-2.087,76.279,-1.849
CCCCCCCCCCCCCCCCCCCCCO,161.708,-0.203,82.762,-3.683
CCCCCCCCCCCO,399.167,3.436,65.756,-1.484
CCCCCCCCCCCCCCO,418.607,5.172,121.172,-7.404
CCCCCCCCO,274.622,-2.963,51.440,-0.664
CCO,447.823,1.637,93.733,-5.751
CCCCCCO,140.501,1.729,31.537,-0.233
CCCCCCCCCCCCO,121.995,0.730,66.234,-6.477
CCCCCCCCCCCCCO,218.084,-0.262,29.248,0.185
CCCCCCCCCCCCCO,102.366,2.520,104.582,-1.384
CCCCCCO,173.943,-1.427,79.228,-5.642
CCCCCCCCCO,150.671,1.188,98.091,-5.745
CCCCCCCCCCO,344.341,3.017,47.208,-6.454
CCCCCCCCCCCCCO,189.511,2.895,79.596,-4.569
CCCCCCCCCCCCCCCO,492.549,3.298,141.628,0.911
CCCCCCO,356.611,5.871,12.624,-2.824
CCCCO,393.303,4.347,33.549,-0.437
CCCO,149.141,0.324,62.344,-3.072
CCCCCCCCCCCCCCCCO,225.703,2.886,2.047,-1.462
CCCCCCCCCCCCCO,388.985,1.134,86.044,-4.522
CCCCCCCCCCCCCO,311.453,2.706,52.485,-5.453
CCCCCCCCCCCCCCCO,399.385,4.080,72.182,-3.865
CCCCCCCCO,405.600,5.946,89.489,-6.296
CCCCCCO,283.053,-2.718,78.836,-7.306
CCCCCCCCCCCCCCCCCCCCCO,365.290,-1.118,93.810,-0.910
CCCCCCCCCCCCCCCCCO,421.679,4.762,25.914,-5.025
CCCCCCCCCO,429.568,3.976,126.196,-7.236
CCCO,495.450,3.057,67.042,-2.390
CCCCCCCCCCCCO,322.269,-2.135,43.239,-5.611
CCCCCCCCCCCCCCCCCCCO,84.869,0.615,147.979,-3.769
CCCCCCCCCCCCO,128.831,5.863,6.229,-0.766
CCO,293.094,2.387,31.772,-0.991
CCCCCO,496.764,1.822,67.999,-5.627
CCCCCCCCCCCCO,94.700,0.209,109.320,-4.005
CCCCCCCCCCCCCCO,66.553,2.562,146.090,-0.130
CCCCCCCCCCCCCCCCCCCO,202.838,5.612,28.427,-5.879
CCCCCCCCCCCO,265.192,3.134,59.272,-3.900
CCCCO,405.741,4.941,72.181,-3.630
CCCCCCO,353.057,-2.080,101.934,-1.469
CCCCCCCCCCCCCCCCCCO,229.079,-1.398,55.774,0.457
CCCCO,434.989,5.550,78.334,-7.843
CCCCCCCCCCCCCCCO,305.452,1.683,13.744,-3.877
CCCCCCCCO,436.665,-0.044,21.337,-2.305
CCO,491.521,-1.511,145.285,-6.175
CCCCCCCCCCO,463.770,4.125,84.607,-3.919
CCCCCCCCCCCO,197.389,1.335,66.756,-7.564
CCCCCCCCCCCCCCCCO,269.655,-2.836,137.665,-1.785
CCCCCCO,82.487,-2.307,46.841,-4.336
CCCCCCCCCCCCO,168.950,3.104,100.038,-6.889
CCCCCCCCCO,450.644,-2.250,118.268,-6.388
CCCCCCCCCCCCCCCCCCO,293.564,-0.852,13.792,-1.164
CCCCCCCCCCCCCCCCO,215.405,4.213,32.376,-7.576
CCCCCCCCCCO,51.196,2.903,112.672,-0.977
CCCCCCCCCCCCCCO,180.399,-0.313,113.800,0.518
CCCCCCCCCCCCCCCCCO,455.838,5.950,100.024,-1.425
CCCCCCCCO,398.631,-1.156,57.417,-0.812
CCCCCCCCCCCCCCCCCCCO,338.130,0.371,51.872,-0.032
CCCCO,381.248,-0.937,78.807,-3.003
CCCCCCCCCCCCCO,401.592,3.308,146.208,-0.535
CCCCCCCCCCCO,76.155,-0.502,68.082,-4.615
CCCCCCCCCCCCCCCCCCCCO,225.298,-2.686,129.674,0.752
CCCCCCCCCCO,446.499,1.745,102.519,-5.704
CCCO,378.180,3.122,50.860,-3.915
CCCCCCCCCCCCCCO,184.197,5.302,149.351,-3.317
CCCCCCCCO,405.199,5.427,137.673,-4.008
CCO,390.439,2.033,50.264,-6.534
CCCO,134.618,4.257,114.676,-3.734
CCCCCCCCCCCCCCCCCO,302.099,4.988,12.331,-4.855
CCCCCCCCCCCCCCCO,126.182,2.297,101.161,-4.851
CCCCCCCCCCCCO,81.023,-2.545,19.989,-6.161
CCCCCCCCCCCCO,329.389,-1.736,56.709,-0.358
CCCCCCCCCCCCCCCCO,115.831,1.288,70.224,-3.697
CCCCCCCCCCCCCCCCO,479.860,0.628,142.215,-7.273
CCCCCCCCCCCCCCCCCCCO,297.052,2.832,49.042,-0.517
CCO,207.216,-2.453,52.613,-6.158
CCCO,382.780,0.440,110.386,-1.359
CCCO,110.921,5.921,125.421,-6.106
CCCCCCCCCO,316.999,0.478,92.861,-4.878
CCCCCCCCCCCCCCCCO,321.839,-2.662,6.117,-7.248
CCCCCCCCCCCCCCCCCCCCO,80.802,-2.511,3.977,-7.114
CCCCCCCCCCCCCCCO,396.931,-0.146,100.168,-3.062
CCCCCCCCCO,138.940,1.168,93.053,-4.407
CCCO,396.967,4.058,30.690,-1.791
CCCCCCCCCCO,193.452,-0.715,127.516,-2.033
CCCCCCCCCCCCCO,82.838,1.844,122.162,-6.568
CCCCCCCCCCCCCCCO,115.709,2.082,58.443,-5.082
CCCCO,359.636,5.020,86.949,-3.392
CCCCCCCCCO,265.947,5.113,26.101,-2.901
CCCCCCCCCCO,306.411,0.100,107.641,0.015
CCCCCCCCCCCCCCCCCCCO,482.901,2.383,141.314,-5.454
CCCCCCCCCCO,230.628,1.910,69.894,-0.594
CCCCCCCCCCCCCCCCCCCO,136.410,5.903,110.318,-6.412
CCCCCCCCCCCCCCCCCCCO,137.546,-0.216,118.051,-7.331
CCCCO,386.788,-0.924,87.151,-6.221
CCCCCCO,342.274,5.700,68.484,-7.432
CCCCCCCCCCCCCCCCCCCCO,119.368,-1.243,68.858,-4.932
CCCO,67.963,3.042,75.946,-1.605
CCCCCCO,143.820,2.913,113.919,-6.816
CCCCCCCCCCCCCCCCO,417.025,-2.598,47.291,-5.924
CCCCO,224.995,-2.187,53.308,-1.666
CCCCCCCCCCCCO,188.631,1.228,15.807,0.025
CCCCCCCCCCCO,212.060,-1.052,13.934,-0.261
CCCCCCCCCCCO,394.858,3.791,61.479,-5.480
CCCCCO,147.152,2.098,41.471,-4.842
CCO,51.448,1.293,18.284,-4.646
CCCCCCCCCO,298.755,-2.331,16.361,-4.290
CCCCCCCCCCCO,73.131,4.530,139.678,-7.532
CCCCCCCO,200.229,1.015,1.264,-3.892
CCCCCCCCCCCCCCCCCCO,278.130,2.793,113.469,-4.369
CCCCCCCCCCCCCCCO,343.721,3.176,148.953,-0.828
CCCCCO,347.923,0.140,64.499,-7.084
CCCCCCCCCCCO,222.383,4.702,56.847,-2.449
CCCCCCCCCCCCCCCCCCCCO,455.877,0.423,81.962,-4.280
CCCCCCCO,105.402,3.681,7.843,-6.903
CCCCCCCCCCCCCCCCCO,215.274,3.604,88.210,-2.160
CCCCCCCCCCCCCCCCCCCCO,361.860,3.824,117.552,-4.654
CCCCCCCCCCCCCCCCCCCCO,374.596,5.100,41.697,-6.434
CCCCCCCCCCCCCCCCCCCCCO,274.029,-0.997,51.494,-6.101
CCCCCCCO,446.248,5.770,8.043,-0.696
CCCCCO,373.032,1.637,99.476,-1.050
CCCCCCCCCCCCCCCCCCCCCO,231.864,5.700,11.716,-4.650
CCCCCCCCCCCCCCCCO,356.738,5.160,90.858,-0.783
CCCCCCCCCCCCCCCCO,55.033,3.407,81.509,-4.100
CCCO,231.123,-2.493,97.402,-4.193
CCCO,315.728,1.006,39.447,-1.819
CCCCCCCCCCCCCCCCCO,363.704,-1.483,85.763,-7.176
CCCCCCCCCCCCO,471.448,-2.273,59.629,0.047
CCCCCCCCCO,203.308,-0.289,31.850,-4.664
CCCCCCCCO,277.158,-1.890,40.879,-2.360
CCCCCCCCCCCCCCCO,334.169,-0.262,145.323,-6.866
CCCCCCCCCCO,170.439,-0.877,144.970,-6.943
CCCO,399.022,4.773,50.172,-6.785
CCCCCCCCCCCCCCCCCCCCCO,452.214,3.492,68.339,-5.100
CCCCCCCCCCO,78.355,4.877,130.902,-5.327
CCCCCCCCCCCCCCCO,436.070,-1.506,122.798,-0.340
CCCCCCCCCCCO,162.453,-1.717,33.655,0.162
CCCCCCCCCCCCCCCCCO,460.896,2.961,1.512,-4.937
CCCO,216.390,-0.840,114.658,-7.788
CCCCCCCCCCCCCO,283.715,-2.419,140.561,0.595
CCCCCCO,439.842,0.961,13.588,-1.729
CCCCCCCCCCO,158.631,-0.714,109.742,-4.731
CCCCCCCCCCCCCCCCCO,344.397,-1.383,118.497,-3.163
CCCCCCCCCCCCCCCO,139.400,2.309,66.156,-1.140
CCO,146.332,0.242,12.574,-6.353
CCCCCCCCCCCCCCCCCO,321.725,0.503,34.424,-3.547
CCCCCCCCCCCCCCCCO,157.148,1.653,26.321,-0.319
CCCCCCCCCCCCCCCCO,133.934,-0.943,18.625,-4.371
CCCCCCCCCCCCCCCCCCO,68.096,-1.088,19.850,-2.752
CCCCCCCCO,447.148,3.618,85.143,-7.327
CCCCCCO,248.748,5.578,132.694,-3.642
CCCCCCCCCCCCCCCCCCCO,368.324,-0.763,6.001,-6.372
CCCCCCCCCCCCCO,168.353,4.346,76.573,-0.780
CCCCCCCCCCCCO,484.944,1.693,21.749,-5.805
CCCCCCCCO,381.564,-0.933,121.766,-1.750
CCCCCO,368.447,3.502,144.064,-3.320
CCCCCCO,247.298,3.921,137.383,0.151
CCCO,256.843,1.583,65.215,-5.110
CCCCCCCCCCCCCO,185.261,4.142,110.467,0.860
CCCO,282.322,-1.234,139.899,-6.127
CCCCCO,212.569,2.202,14.394,-2.959
CCCCCCCCO,135.620,0.153,18.663,-5.868
CCCCCCCCCCCCCCCCCCCCCO,132.109,-2.139,37.325,-0.282
CCO,206.268,0.370,25.902,-3.751
CCCCCCCCO,291.682,-2.676,99.140,-7.811
CCCCCCCCCO,444.010,-1.490,76.875,-4.276
CCCCCCCCCCCCCO,307.784,4.003,94.118,-3.960
CCCCCCCCCCCCCCCCCCCCCO,87.853,5.529,89.785,-2.816
CCCCCCCCCCCCCCO,73.379,-2.155,32.419,-3.939
CCCCCCCCCCCCCCCO,244.563,-1.295,9.028,-2.751
CCCCCCO,154.026,4.562,8.538,-4.721
CCCCCCCCCCCO,145.944,-2.707,65.745,-5.314
CCO,267.621,-2.513,148.017,-4.671
CCCCCCCCCCCCCCCCCCCO,433.425,-0.453,42.416,-0.031
CCCCCCCCCCCCCCCCCCO,358.144,-2.593,93.846,-2.354
CCCO,378.660,4.536,14.863,-7.673
CCCCCCCCCCCCO,386.851,-0.204,61.147,-3.733
CCCCCCCCCCCCO,344.605,-2.370,92.218,0.972
CCO,407.217,4.894,55.197,-4.835
CCCO,106.477,-1.400,16.801,-1.034
CCCCCCCCCCCCCCCO,118.945,-1.228,134.790,-4.164
CCCCCCCCCCCCO,246.239,3.957,103.803,-1.699
CCCCCO,114.121,-2.572,66.933,-1.740
CCCCCCCCCCCCCCCCCCCO,433.188,-0.645,93.058,-2.984
CCCCCCCCCCCCCCCCCO,158.827,-1.467,105.476,-3.148
CCCCCO,77.127,3.568,79.209,-4.792
CCCCCCCCCCCCCCCCCCCO,78.285,2.624,88.867,-7.941
CCCCCCCCCCCCCO,284.349,1.604,77.396,-6.581
CCCCCCCCCCCCCCO,398.027,-2.916,61.618,-7.280
CCO,133.064,4.242,49.083,-4.537
CCCCCCCO,370.194,-2.988,2.061,-0.398
CCCCCCCCO,396.461,1.529,22.857,-0.152
CCCCO,319.939,-1.120,45.770,-0.556
CCCCCCCCCCCCCCCCCO,489.329,5.804,91.085,-7.870
CCCCCCCCCCCCCCCO,430.450,-1.409,23.134,-3.075
CCCCCO,457.099,0.408,25.233,-1.452
CCCCCCCO,109.289,-0.099,102.409,-4.465
CCCCCCCCCCCCCCCCCCCCCO,330.768,-0.530,42.592,-0.172
CCCCCCCCCCCO,59.292,4.294,52.961,-0.488
CCCCCCCO,229.904,0.669,72.731,-7.548
CCCCCCCCCO,494.901,0.941,8.976,-6.902
CCCCCCCCCCCCCCCCO,313.485,0.758,82.716,-2.089
CCCCCCCCCCO,351.002,5.164,80.543,-5.000
CCCCCCCCCCCCCCO,55.656,1.466,149.521,-2.217
CCCCCCCCCCCCO,424.355,-2.742,142.157,-0.805
CCCCO,236.193,4.085,138.273,-2.006
CCCCO,378.285,5.934,11.298,-7.559
CCCCCCCCCCCCCCCCCCO,372.729,3.728,48.250,-1.855
CCCCCCCCCCO,412.227,-2.290,96.047,-7.915
CCCCCCCCCCO,296.810,4.495,6.154,-3.309
CCCO,455.063,-0.003,84.645,-7.794
CCCCCCCCCCCCCCCCCCCCCO,233.386,5.610,60.852,-4.250
CCCCCCCCCCCCCCCCCCCCCO,124.606,1.467,13.093,-0.284
CCCCCCCCCO,276.433,2.897,130.642,-5.950
CCCCCCCCCCCCCCCCO,482.201,2.262,116.570,0.314
CCCCCCCCCO,302.206,1.129,111.632,-4.763
CCCCCCCCCCCCO,257.759,-2.342,69.716,-7.631
CCCCCCCCCCCCCCCCCCCCCO,70.488,2.151,17.454,-6.800
CCCCCCCCCCCCCO,160.892,4.045,13.551,-6.216
CCCCCCO,214.516,4.403,97.645,-6.960
CCCCCCCCCO,371.784,3.794,124.859,-6.524
CCCCCO,81.358,-2.051,99.020,-1.935
CCCCCCCCCCCCCCCO,196.804,0.146,54.243,-5.015
CCCO,479.659,-1.534,15.806,-5.279
CCCCCCCCCCCCCO,474.694,2.978,131.743,0.701
CCCCCCCCCCCCCO,63.164,-0.023,144.793,-1.222
CCCCCCCCCCCCCCCCCCCCO,118.668,-2.351,55.208,-2.229
CCCCCCCCCCCCCCCCCCO,207.083,1.264,143.607,-4.840
CCCCO,409.347,2.627,62.857,-7.452
CCCCCCCCO,386.412,-0.353,49.001,-2.074
CCO,434.352,1.430,44.899,-6.086
CCCCCCCCCCCCCCO,481.491,-0.584,22.166,-7.944
CCCCCCCCCCCCCCCCCO,190.838,-2.252,144.629,0.579
CCCCCCO,499.357,-1.447,76.908,-3.436
CCCCCCCCCCCCCCCCCCO,76.990,4.298,14.271,-5.010
CCCCCCCCCCO,213.259,5.867,34.136,-2.042
CCCCCCCCO,327.471,-2.410,86.990,-1.757
CCCCCCCCCCO,219.981,1.956,14.176,-2.197
CCCCCO,183.928,-1.698,7.890,-2.162
CCCCCCCCCCCCCCCCCCCCO,56.834,2.820,107.360,-6.581
CCCCO,139.902,1.107,122.180,-0.578
CCCCCCCCCCCCCCCO,217.725,5.843,56.714,-5.542
CCCCCCO,308.080,4.884,127.285,-5.284
CCCCCCCO,215.199,-1.547,40.093,-6.847
CCCCCCCCCCCCCO,490.956,1.872,99.851,-6.614
CCCCCCCCO,486.406,-0.508,94.183,0.399
CCCCCCCCO,252.130,-1.191,11.145,-4.342
CCCCCCCCCCCCCCCO,325.343,2.003,100.087,-6.437
CCCCCCCCCCCCCCCCCO,307.267,-0.662,141.496,-5.278
CCCCCCCCCCCCCO,189.910,-2.180,32.049,-7.134
CCCCCCCCO,252.697,0.597,115.881,-6.204
CCCCCCCCCCCCCCCO,241.959,-1.844,41.452,-4.758
CCCO,475.359,3.455,96.298,-1.648
CCCCCCCCCCCCCCCCCO,307.622,-1.344,12.268,-3.915
CCCCCCCCCCCO,438.903,5.828,79.696,-2.947
CCCCCCCCCCCCCCCCCCCCCO,310.533,0.586,125.065,-0.223
CCCCCCCCO,57.171,-1.564,143.128,-5.321
CCCCO,348.334,-2.553,105.180,-3.430
CCCCCCCCO,294.227,5.470,50.148,-3.361
CCCCCCCCCCCCCCCCCCCCO,218.857,4.174,43.358,-6.049
CCCCCCCCCCO,374.336,4.054,84.659,-3.122
CCCCCCCCCCO,90.422,2.944,103.958,-5.146
CCO,207.787,5.571,31.845,-0.120
CCCCCCCCCCCCCCCCCCCCO,67.727,5.079,67.165,-5.250
CCCCCCCCCCCCCCCCCCCO,156.919,1.521,2.694,-3.901
CCCCCCCCCCCCCCCCO,411.523,5.999,80.854,-7.917
CCCCCCCCCCCO,264.824,1.358,94.644,-2.193
CCCCCCCCCCCCCCCCCCCO,369.117,3.727,36.955,-7.351
CCO,243.491,4.463,0.634,-7.489
CCCCCCCCCCO,195.102,-1.011,81.434,-7.136
CCCCCCCCCCCCCO,472.295,-1.200,72.193,-0.578
CCCCCCCCCCCCCCCCO,330.707,5.701,80.102,-6.544
CCCCCCCCCCCCCCO,471.991,-1.125,147.069,-1.920
CCCCCCCCCCO,255.848,-1.770,147.444,-6.592
CCCCCCCCCCCCCCCO,385.805,-1.487,115.842,-5.618
CCCCCCCCCCCCCCCCCCCO,341.999,2.939,3.441,-4.367
CCCCCCCCCCCCCCCCCCCO,172.596,5.384,81.531,-1.416
CCCCCO,290.660,-2.596,129.974,-1.770
CCO,458.211,5.888,2.998,-3.127
CCCCCCCCCCCCCCCCO,292.536,0.877,90.485,-6.692
CCCCCCCO,74.814,0.317,149.016,-2.161
CCCCO,477.693,-1.896,23.269,0.443
CCO,165.013,2.144,84.896,-6.277
CCCCO,204.974,0.102,147.980,-3.558
CCCCCCCCCCCCCCCCCCO,136.067,3.476,28.554,-4.292
CCCCCCCCCO,221.309,-2.098,25.217,-1.904
CCCCCCCCCCCCO,294.279,0.341,149.135,-0.708
CCCCCCCCO,123.084,-0.272,68.400,-7.873
CCCCCCCCCCCCCCCCCCCO,215.404,-1.575,116.494,-7.001
CCCCCCCCCCCCCCO,301.940,-0.219,9.839,-0.308
CCCCCCCCCCCCCCCCCCO,258.260,4.517,92.808,-7.553
CCCCCCCCCCO,196.294,2.176,126.583,0.314
CCCCCCCCCCCCO,429.381,5.507,67.703,-3.303
CCCCCCCCCCCCCCCCO,106.696,5.447,57.436,-6.476
CCCCCO,300.159,-1.139,129.157,0.144
CCCCCCCCCCCCCCCCCCCCO,391.841,-0.989,59.673,-4.864
CCCCO,435.358,0.314,3.636,-5.629
CCCCCCCCCCCO,298.075,-1.359,103.204,-5.100
CCCCCCCCCCCCCCO,176.499,3.936,149.613,-6.122
CCCCCCCCCCCCCO,81.840,1.803,66.916,-5.234
CCCCCCCCCCCCCO,368.224,2.963,42.770,-0.036
CCCCCCCCCCCCO,156.463,4.995,77.367,-1.813
CCCCCCCCCCCCO,113.197,2.406,130.807,0.502
CCCCCCCO,312.346,4.326,79.474,-2.224
CCCCCCCCCCCCCCO,370.649,-2.469,93.082,-5.298
CCCCCCCCCCCCO,487.288,5.274,77.100,-2.578
CCCO,51.060,0.713,42.492,-7.937
CCCCCCO,313.205,-2.016,6.307,-7.532
CCCCCCCCCCCCCCCCCCCCCO,264.742,-2.532,31.002,-6.268
CCCO,430.072,-0.474,126.424,-3.377
CCCCCCCCCCCCO,195.253,5.353,5.137,-2.332
CCCCCCO,107.813,-1.298,35.224,-7.510
CCCCO,65.622,-1.279,53.814,-0.950
CCCCCCCO,473.073,5.960,116.144,-4.640
CCCCCCCCCO,153.194,0.791,129.905,-3.062
CCCCCCCCCCCCCCO,108.356,2.957,149.381,-0.591
CCCCCO,253.635,-0.414,60.278,-4.384
CCCCCCCCCCCCCCCCCCCCCO,95.109,4.326,95.452,0.754
CCCCCCCCCCCCCCCCCCCCO,207.982,0.539,131.192,0.802
CCCCO,266.567,1.376,145.711,-6.969
CCCCCCCO,404.210,-0.136,129.975,-6.679
CCCCCCCO,361.238,3.531,130.596,-2.521
CCCCCCCCCCCCCCO,89.458,5.522,32.405,0.936
CCCCCCCCCCCCCCCCCCCCCO,396.881,3.592,23.348,-0.020
CCCCCCCCCCCCCCCCCO,474.052,-0.555,26.245,-3.643
CCCCCCCCCCCCCCO,110.023,4.291,45.865,0.852
CCCCCCCCCCCCCCCCCCCCO,104.633,3.993,64.080,-7.019
CCCCCCCCCCCCCCCCO,104.092,2.500,74.416,0.489
CCCCCCCCO,95.567,5.854,149.699,-1.238
CCCCCCCCCCCCCCCCCCCO,183.849,-1.147,63.744,-2.651
CCCCCCCO,382.994,4.094,7.290,-4.096
CCCCCCCO,54.929,2.334,12.431,-2.879
CCCCCCCCCCCCCO,135.422,4.481,8.247,0.842
CCCCO,214.832,3.988,57.391,-5.823
CCCCO,284.555,1.988,4.784,-4.309
CCCCCCCCCCCCCCCCCCO,170.025,-1.020,64.748,-2.972
CCCCCCCCO,212.237,1.483,24.081,-0.585
CCCCCCCCCCCCCCO,424.760,-0.909,60.022,0.271
CCCCCCCCCCCCCCCCO,493.617,0.556,43.031,-6.873
CCCCCCCCO,427.648,-2.782,10.802,0.110
CCCCO,193.198,0.810,148.361,-3.638
CCCCCCCCCCCCCCCCCCO,102.318,2.817,69.309,-5.813
CCCCCCCCCCCCCCCCCCCCCO,459.610,-0.391,56.841,-5.666
CCCCCCCCCCCCCCCCCCCO,399.978,4.219,31.167,-1.753
CCCCCCCCCCCCCCCCCCCO,77.754,5.689,138.269,-2.188
CCCCCO,301.445,1.829,18.284,-7.586
CCCCO,129.264,-0.388,122.999,0.154
CCCCO,101.569,-1.271,21.871,-3.928
CCCCCCCO,138.274,-1.060,144.333,0.386
CCO,213.345,3.825,3.586,-7.594
CCCCCCCCCCCCCCCCCCCCCO,113.494,4.146,123.522,-5.861
CCCCCCCCCCCCCCCO,115.086,2.837,7.741,0.944
CCCCCCCCCCCCCO,178.235,-2.564,120.700,-7.745
CCCCCCCCCCCCCCCCCCO,70.693,-2.209,32.134,-2.341
CCO,495.117,-2.714,61.027,-0.422
CCCCCCCCCCCCCCCCO,101.534,-2.853,0.134,-5.690
CCCCCO,353.914,-0.253,113.559,-7.514
CCCCCCCCCCCCCCCCCCCO,203.281,-1.635,83.015,-7.176
CCCCCCCCCCO,291.612,-2.210,65.665,-6.942
CCCO,446.484,2.761,21.238,-6.197
CCCCCCCCCCCO,332.210,2.029,111.930,-5.444
CCCCO,286.488,2.563,76.876,-1.029
CCCCCCCCCCCCCCCCCO,326.250,0.869,63.441,-0.416
CCCCCCCCCCCCCO,98.156,-1.467,100.375,-0.738
CCCCCCO,275.933,-1.640,24.930,-7.936
CCO,236.674,-0.058,120.570,0.673
CCCCCCCCCCCCCCCCCCCCO,177.793,3.542,0.267,-1.433
CCCCCCCCCO,364.780,4.845,15.743,-0.396
CCCCCO,136.249,3.679,132.019,-6.778
CCCCCCO,291.572,5.263,111.325,-2.725
CCCCCCCCCCCCCCO,264.991,-0.976,119.991,-3.904
CCCCCCCCCCCCCCCCCCCO,297.712,3.996,75.765,-0.477
CCCCCCCCO,376.764,-1.125,55.160,-5.395
CCO,335.626,3.941,72.408,-3.240
CCCCCCCO,333.342,0.536,101.735,-5.475
CCCCCCO,478.006,3.101,66.312,0.546
CCCCCCCCCCCCCCCCCCCCO,330.582,1.022,64.165,-2.883
CCCCCCCCCCCCCCCO,225.063,3.624,91.738,-4.597
CCCCCCCCO,83.614,1.187,101.852,-2.848
CCCCCCCCCO,379.726,3.884,113.586,-5.441
CCCCCO,224.826,5.290,91.882,-2.995
CCCCCCCCCCCCCCO,163.128,-2.279,138.722,-4.445
CCCCCCCCCCCCCCCCCCO,178.548,2.938,125.528,-0.251
CCCCCCCCCCCCCCCCCCO,258.055,0.127,149.644,-4.877
CCO,163.231,1.546,135.313,-6.925
CCCCCCCCCCCCCCCCCO,392.077,4.696,136.503,-7.512
CCCCCCCCCCO,293.680,0.653,86.033,-7.278
CCCCCCCCCCO,50.805,4.648,112.885,-5.953
CCCCCO,451.082,1.049,75.300,-5.023
CCCCCCCCCCCCCCCCCO,147.275,2.784,134.003,-0.580
CCCCCCCCCCCCCCO,233.901,5.654,47.957,-7.753
CCCCCCCCCCCCO,321.866,1.141,112.062,-0.707
CCCCCCCCCCCCCCCCCCO,97.761,-1.759,0.066,-1.976
CCCCCCCCCCCCCCCCO,293.695,-2.362,19.031,-1.479
CCCO,52.604,-2.380,68.744,0.129
CCCCCCCCCCCCCCO,209.214,-2.848,142.880,-7.720
CCCCCCO,314.079,-1.147,29.933,-7.928
CCCCCCCCCCCCO,157.466,5.531,88.231,-4.342
CCCCCCCCCCCCCCCCCCO,350.325,5.855,136.767,-5.678
CCCCCCCCCCCCCCCCCCO,342.552,-0.463,33.216,-6.509
CCCCCCCCCCCCCO,62.506,-0.554,54.687,-1.692
CCCCCCCCCCCCCO,447.018,5.111,61.396,0.267
CCCCCCCCCO,155.287,2.879,119.858,-2.172
CCCO,146.697,-1.737,136.716,-0.121
CCCCCCCCO,347.311,-2.687,29.113,-1.552
CCCCCCCCCO,396.828,-2.818,79.897,-5.571
CCCCO,447.430,-2.662,146.832,0.709
CCCCCCCCCCCCCCCO,232.692,2.260,126.462,-4.638
CCCCCCCCCCCCO,260.224,3.538,98.160,-3.387
CCCCCCCCCCCCCCCCCCCO,447.881,5.741,17.625,-6.774
CCCCO,139.978,5.825,144.412,-4.246
CCCCCCCCCCCCCCCCCCCCO,177.548,2.995,7.530,-6.374
CCCCCCCCO,314.754,0.382,68.984,-2.609
CCCCCCO,293.422,-0.807,111.270,-1.253
CCCCCCCCCCCCO,311.146,-1.172,130.141,-4.592
CCO,264.655,3.191,99.962,-6.775
CCCCCCCCCCCCCCCCCCCCO,146.807,0.062,38.759,-1.377
CCCO,61.846,-2.333,60.936,0.434
CCCCCCCO,282.411,2.059,123.192,-3.246
CCCCCCCCCO,157.936,1.565,65.155,-5.088
CCO,419.034,2.774,65.910,0.373
CCCCCCCCCCCCO,122.562,-0.962,74.851,-4.467
CCCO,177.480,0.904,43.052,0.374
CCCCCCO,332.026,-2.987,72.736,0.758
CCCCCCO,140.945,-1.930,95.068,-4.063
CCCCO,191.858,-1.126,148.578,-6.048
CCCCCCCCCCCCCCCO,449.550,-1.901,132.273,-0.325
CCCCCCCCCCCCCCCCCCCO,110.149,0.467,64.603,-3.682
CCCCCCCCCCCCCCCCCCCCCO,158.623,5.005,85.587,-5.775
CCCCO,61.543,0.132,40.924,-4.252
CCCCCCCCCCCCO,349.893,0.098,28.963,-1.713
CCCCCCCCCCCCCCCCCO,120.451,-1.720,33.547,-0.244
CCCO,388.736,5.900,50.701,-0.898
CCCCCCCCCCCCCO,211.180,4.205,111.256,-3.768
CCCCCCCCCCCCCCCCO,443.678,1.643,15.108,-1.917
CCCCCCCCO,118.020,2.236,19.023,-4.305
CCCCCCCCCCCCCCCCO,260.668,2.933,0.493,-1.065
CCCCCCCCCCCCCCCCCO,140.905,2.426,67.755,-7.329
CCCCCCCO,258.890,-2.546,112.844,-1.796
CCCCCCCO,126.851,5.659,102.726,0.979
CCCCCCCCCCCCCCCCCO,263.368,0.245,72.482,-7.161
CCCCCCCCCCCCCCCCCO,417.336,-1.430,99.234,-6.275
CCCCCCCCCCCCO,176.057,3.216,144.731,-4.552
CCO,440.594,-2.232,80.986,-1.566
CCCCCCCCCCCCCCCCO,443.921,3.519,113.541,-5.436
CCCCCCCCCCCCCCO,184.518,-2.991,7.245,-6.726
CCO,167.795,-2.631,113.325,-1.706
CCCCCCCCCCCCCCCO,313.134,4.541,59.489,0.956
CCCCCCO,319.784,2.218,141.397,-7.782
CCCCCCCCCCCCO,277.587,3.036,34.574,-6.093
CCCCCCO,269.562,2.748,50.581,-6.354
CCCCCCCO,480.078,-2.955,46.833,-7.632
CCCCCCCCCCCCCCCO,325.186,-1.144,29.267,-0.544
CCO,280.576,2.363,77.477,0.221
CCCCCCCCCCCO,355.822,2.780,141.634,-5.929
CCCCCO,408.668,-2.923,74.400,-6.110
CCCCCCCCCCCCCCCCO,122.146,3.942,130.276,-3.106
CCCCCCCCCCCCCCCCO,210.235,-2.132,100.185,-5.388
CCCCCCCCCCCCCCCO,243.528,3.026,133.710,0.488
CCCCCCCCCCCCCCCO,286.976,0.496,54.624,-1.430
CCCCCCCCCCCCCCCO,410.427,3.470,86.681,-7.035
CCCCCO,125.187,-0.273,106.063,-3.303
CCCCCCCO,89.143,3.827,74.607,-2.558
CCCCCO,282.684,4.837,71.591,-4.536
CCCCCCCCCCCCCCO,213.192,-0.299,70.984,-1.387
CCCCCCCCCCCCCCCCO,185.424,1.282,36.850,-6.032
CCCCCCCCCCCCCCCCCCO,291.712,0.850,122.980,-3.062
CCCCCCCCCCCCO,223.554,4.784,70.735,-0.704
CCCCCO,484.455,1.198,42.756,-7.435
CCCCCCCCO,270.747,-2.405,67.932,0.850
CCCCCCCCCCCCO,348.781,4.575,139.788,-1.227
CCCO,433.449,3.862,69.569,0.713
CCCCCO,179.358,4.706,16.788,-6.598
CCCO,70.110,-2.679,41.465,-2.472
CCCCCCCCO,447.823,4.138,39.060,-7.850
CCCCCCCCCCCCCCCCCCCCCO,281.054,1.856,12.793,-2.476
CCCCCCCO,380.191,1.151,27.838,-1.361
CCCCCCCCO,135.674,4.078,84.712,-2.101
CCCCCCCCCCCCCCCCCCCCCO,355.242,-2.378,19.329,0.256
CCCCCCCCCCO,64.671,-1.293,92.786,-6.406
CCCCCCCCCCCCCCCCCCCO,279.279,1.177,83.203,-4.113
CCCCCCCCCCCCCCCO,116.813,5.392,35.186,-5.380
CCCO,321.536,-1.448,66.688,-2.040
CCCCCCCCCCCCCCCCCCO,330.199,3.561,129.658,-6.219
CCCCCCO,296.437,-2.025,38.599,0.531
CCO,472.948,3.045,53.397,-5.156
CCCCCCCCCCCO,436.481,5.085,78.713,0.428
CCO,52.264,1.137,101.603,-2.567
